-- phpMyAdmin SQL Dump
-- version 4.9.5
-- https://www.phpmyadmin.net/
--
-- Máy chủ: localhost:3306
-- Thời gian đã tạo: Th3 01, 2022 lúc 09:38 AM
-- Phiên bản máy phục vụ: 10.5.12-MariaDB
-- Phiên bản PHP: 7.3.32

SET SQL_MODE = "NO_AUTO_VALUE_ON_ZERO";
SET AUTOCOMMIT = 0;
START TRANSACTION;
SET time_zone = "+00:00";


/*!40101 SET @OLD_CHARACTER_SET_CLIENT=@@CHARACTER_SET_CLIENT */;
/*!40101 SET @OLD_CHARACTER_SET_RESULTS=@@CHARACTER_SET_RESULTS */;
/*!40101 SET @OLD_COLLATION_CONNECTION=@@COLLATION_CONNECTION */;
/*!40101 SET NAMES utf8mb4 */;

--
-- Cơ sở dữ liệu: `id17699943_overlord`
--

-- --------------------------------------------------------

--
-- Cấu trúc bảng cho bảng `chapter`
--

CREATE TABLE `chapter` (
  `id` int(11) NOT NULL,
  `id_manga` int(11) NOT NULL,
  `chapter` varchar(50) COLLATE utf8mb4_unicode_ci NOT NULL,
  `create_time` varchar(50) COLLATE utf8mb4_unicode_ci NOT NULL
) ENGINE=InnoDB DEFAULT CHARSET=utf8mb4 COLLATE=utf8mb4_unicode_ci;

--
-- Đang đổ dữ liệu cho bảng `chapter`
--

INSERT INTO `chapter` (`id`, `id_manga`, `chapter`, `create_time`) VALUES
(1, 1, '124', '02-10-2021'),
(2, 1, '123', '29-09-2021'),
(3, 1, '122', '24-09-2021'),
(4, 1, '121', '22-09-2021'),
(5, 1, '120', '17-09-2021'),
(6, 1, '119', '14-09-2021'),
(7, 1, '118', '11-09-2021'),
(8, 1, '117', '08-09-2021'),
(9, 1, '116', '03-09-2021'),
(10, 1, '115', '01-09-2021'),
(11, 1, '114', '28-08-2021'),
(12, 1, '113', '25-08-2021'),
(13, 1, '112', '20-08-2021'),
(14, 1, '111', '18-08-2021'),
(15, 1, '110', '13-08-2021'),
(16, 1, '109', '11-08-2021'),
(17, 1, '108', '07-08-2021'),
(18, 1, '107', '03-08-2021'),
(19, 1, '106', '31-07-2021'),
(20, 1, '105', '28-07-2021'),
(21, 1, '104', '23-07-2021'),
(22, 1, '103', '23-07-2021'),
(23, 1, '102', '16-07-2021'),
(24, 1, '101', '16-07-2021'),
(25, 1, '100', '16-07-2021'),
(26, 1, '99', '16-07-2021'),
(27, 1, '98', '16-07-2021'),
(28, 1, '97', '16-07-2021'),
(29, 1, '96', '25-06-2021'),
(30, 1, '95', '22-06-2021'),
(31, 1, '94', '18-06-2021'),
(32, 1, '93', '18-06-2021'),
(33, 1, '92', '11-06-2021'),
(34, 1, '91', '11-06-2021'),
(35, 1, '90', '11-06-2021'),
(36, 1, '89', '11-06-2021'),
(37, 1, '88', '25-05-2021'),
(38, 1, '87', '21-05-2021'),
(39, 1, '86', '18-05-2021'),
(40, 1, '85', '18-05-2021'),
(41, 1, '84', '11-05-2021'),
(42, 1, '83', '07-05-2021'),
(43, 1, '82', '01-05-2021'),
(44, 1, '81', '28-04-2021'),
(45, 1, '80', '23-04-2021'),
(46, 1, '80', '28-04-2021'),
(47, 1, '79', '23-04-2021'),
(48, 1, '78', '16-04-2021'),
(49, 1, '78', '23-04-2021'),
(50, 1, '77', '16-04-2021'),
(51, 1, '76', '16-04-2021'),
(52, 1, '75', '08-04-2021'),
(53, 1, '74', '08-04-2021'),
(54, 1, '73', '08-04-2021'),
(55, 1, '72', '08-04-2021'),
(56, 1, '71', '08-04-2021'),
(57, 1, '70', '08-04-2021'),
(58, 1, '69', '08-04-2021'),
(59, 1, '68', '08-04-2021'),
(60, 1, '67', '08-04-2021'),
(61, 1, '66', '08-04-2021'),
(62, 1, '65', '08-04-2021'),
(63, 1, '64', '08-04-2021'),
(64, 1, '63', '08-04-2021'),
(65, 1, '62', '08-04-2021'),
(66, 1, '61', '08-04-2021'),
(67, 1, '60', '08-04-2021'),
(68, 1, '59', '08-04-2021'),
(69, 1, '58', '08-04-2021'),
(70, 1, '57', '08-04-2021'),
(71, 1, '56', '08-04-2021'),
(72, 1, '55', '08-04-2021'),
(73, 1, '54', '08-04-2021'),
(74, 1, '53', '08-04-2021'),
(75, 1, '52', '08-04-2021'),
(76, 1, '51', '08-04-2021'),
(77, 1, '50', '08-04-2021'),
(78, 1, '49', '08-04-2021'),
(79, 1, '48', '08-04-2021'),
(80, 1, '47', '08-04-2021'),
(81, 1, '46', '08-04-2021'),
(82, 1, '45', '08-04-2021'),
(83, 1, '44', '08-04-2021'),
(84, 1, '43', '08-04-2021'),
(85, 1, '42', '08-04-2021'),
(86, 1, '41', '08-04-2021'),
(87, 1, '40', '08-04-2021'),
(88, 1, '39', '08-04-2021'),
(89, 1, '38', '08-04-2021'),
(90, 1, '37', '08-04-2021'),
(91, 1, '36', '08-04-2021'),
(92, 1, '35', '08-04-2021'),
(93, 1, '34', '08-04-2021'),
(94, 1, '33', '08-04-2021'),
(95, 1, '32', '08-04-2021'),
(96, 1, '31', '08-04-2021'),
(97, 1, '30', '08-04-2021'),
(98, 1, '29', '08-04-2021'),
(99, 1, '28', '08-04-2021'),
(100, 1, '27', '08-04-2021'),
(101, 1, '26', '08-04-2021'),
(102, 1, '25', '08-04-2021'),
(103, 1, '24', '08-04-2021'),
(104, 1, '23', '08-04-2021'),
(105, 1, '22', '08-04-2021'),
(106, 1, '21', '08-04-2021'),
(107, 1, '20', '08-04-2021'),
(108, 1, '19', '08-04-2021'),
(109, 1, '18', '08-04-2021'),
(110, 1, '17', '08-04-2021'),
(111, 1, '16', '08-04-2021'),
(112, 1, '15', '08-04-2021'),
(113, 1, '14', '08-04-2021'),
(114, 1, '13', '08-04-2021'),
(115, 1, '12', '08-04-2021'),
(116, 1, '11', '08-04-2021'),
(117, 1, '10', '08-04-2021'),
(118, 1, '9', '08-04-2021'),
(119, 1, '8', '08-04-2021'),
(120, 1, '7', '08-04-2021'),
(121, 1, '6', '08-04-2021'),
(122, 1, '5', '08-04-2021'),
(123, 1, '4', '08-04-2021'),
(124, 1, '3', '08-04-2021'),
(125, 1, '2', '08-04-2021'),
(126, 1, '1', '08-04-2021'),
(127, 3, '58', '22-09-2021'),
(128, 3, '57', '15-09-2021'),
(129, 3, '56', '08-09-2021'),
(130, 3, '55', '01-09-2021'),
(131, 3, '54', '25-08-2021'),
(132, 3, '53', '18-08-2021'),
(133, 3, '52', '11-08-2021'),
(134, 3, '51', '04-08-2021'),
(135, 3, '50', '28-07-2021'),
(136, 3, '49', '21-07-2021'),
(137, 3, '48', '14-07-2021'),
(138, 3, '47', '07-07-2021'),
(139, 3, '46', '30-06-2021'),
(140, 3, '45', '09-06-2021'),
(141, 3, '44', '02-06-2021'),
(142, 3, '43', '26-05-2021'),
(143, 3, '42', '19-05-2021'),
(144, 3, '41', '12-05-2021'),
(145, 3, '40', '05-05-2021'),
(146, 3, '39', '28-04-2021'),
(147, 3, '38', '21-04-2021'),
(148, 3, '37', '21-04-2021'),
(149, 3, '36', '21-04-2021'),
(150, 3, '35', '21-04-2021'),
(151, 3, '34', '21-04-2021'),
(152, 3, '33', '21-04-2021'),
(153, 3, '32', '21-04-2021'),
(154, 3, '31', '21-04-2021'),
(155, 3, '30', '21-04-2021'),
(156, 3, '29', '21-04-2021'),
(157, 3, '28', '21-04-2021'),
(158, 3, '27', '21-04-2021'),
(159, 3, '26', '21-04-2021'),
(160, 3, '25', '21-04-2021'),
(161, 3, '24', '21-04-2021'),
(162, 3, '23', '21-04-2021'),
(163, 3, '22', '21-04-2021'),
(164, 3, '21', '21-04-2021'),
(165, 3, '20', '21-04-2021'),
(166, 3, '19', '21-04-2021'),
(167, 3, '18', '21-04-2021'),
(168, 3, '17', '21-04-2021'),
(169, 3, '16', '21-04-2021'),
(170, 3, '15', '21-04-2021'),
(171, 3, '14', '21-04-2021'),
(172, 3, '13', '21-04-2021'),
(173, 3, '12', '21-04-2021'),
(174, 3, '11', '21-04-2021'),
(175, 3, '10', '21-04-2021'),
(176, 3, '9', '21-04-2021'),
(177, 3, '8', '21-04-2021'),
(178, 3, '7', '21-04-2021'),
(179, 3, '6', '21-04-2021'),
(180, 3, '5', '21-04-2021'),
(181, 3, '4', '21-04-2021'),
(182, 3, '3', '21-04-2021'),
(183, 3, '2', '21-04-2021'),
(184, 3, '1', '21-04-2021'),
(185, 4, '49', '02-06-2021'),
(186, 4, '48', '26-05-2021'),
(187, 4, '47', '18-05-2021'),
(188, 4, '46', '13-05-2021'),
(189, 4, '45', '13-05-2021'),
(190, 4, '44', '29-04-2021'),
(191, 4, '43', '29-04-2021'),
(192, 4, '42', '29-04-2021'),
(193, 4, '41', '09-04-2021'),
(194, 4, '40', '09-04-2021'),
(195, 4, '39', '09-04-2021'),
(196, 4, '38', '09-04-2021'),
(197, 4, '37', '09-04-2021'),
(198, 4, '36', '09-04-2021'),
(199, 4, '35', '09-04-2021'),
(200, 4, '34', '09-04-2021'),
(201, 4, '33', '09-04-2021'),
(202, 4, '32', '09-04-2021'),
(203, 4, '31', '09-04-2021'),
(204, 4, '30', '09-04-2021'),
(205, 4, '29', '09-04-2021'),
(206, 4, '28', '09-04-2021'),
(207, 4, '27', '09-04-2021'),
(208, 4, '26', '09-04-2021'),
(209, 4, '25', '09-04-2021'),
(210, 4, '24', '09-04-2021'),
(211, 4, '23', '09-04-2021'),
(212, 4, '22', '09-04-2021'),
(213, 4, '21', '09-04-2021'),
(214, 4, '20', '09-04-2021'),
(215, 4, '19', '09-04-2021'),
(216, 4, '18', '09-04-2021'),
(217, 4, '17', '09-04-2021'),
(218, 4, '16', '09-04-2021'),
(219, 4, '15', '09-04-2021'),
(220, 4, '14', '09-04-2021'),
(221, 4, '13', '09-04-2021'),
(222, 4, '12', '09-04-2021'),
(223, 4, '11', '09-04-2021'),
(224, 4, '10', '09-04-2021'),
(225, 4, '9', '09-04-2021'),
(226, 4, '8', '09-04-2021'),
(227, 4, '7', '09-04-2021'),
(228, 4, '6', '09-04-2021'),
(229, 4, '5', '09-04-2021'),
(230, 4, '4', '09-04-2021'),
(231, 4, '3', '09-04-2021'),
(232, 4, '2', '09-04-2021'),
(233, 4, '1', '09-04-2021'),
(234, 5, '99', '13-08-2021'),
(235, 5, '98', '15-07-2021'),
(236, 5, '97', '15-07-2021'),
(237, 5, '96', '15-07-2021'),
(238, 5, '95', '15-07-2021'),
(239, 5, '94', '15-07-2021'),
(240, 5, '93', '15-07-2021'),
(241, 5, '92', '08-06-2021'),
(242, 5, '91', '08-06-2021'),
(243, 5, '90', '08-06-2021'),
(244, 5, '89', '08-06-2021'),
(245, 5, '88', '08-06-2021'),
(246, 5, '87', '08-06-2021'),
(247, 5, '86', '08-06-2021'),
(248, 5, '85', '08-06-2021'),
(249, 5, '84', '08-06-2021'),
(250, 5, '83', '09-04-2021'),
(251, 5, '82', '09-04-2021'),
(252, 5, '81', '09-04-2021'),
(253, 5, '80', '09-04-2021'),
(254, 5, '79', '09-04-2021'),
(255, 5, '78', '09-04-2021'),
(256, 5, '77', '09-04-2021'),
(257, 5, '76', '09-04-2021'),
(258, 5, '75', '09-04-2021'),
(259, 5, '74', '09-04-2021'),
(260, 5, '73', '09-04-2021'),
(261, 5, '72', '09-04-2021'),
(262, 5, '72', '09-04-2021'),
(263, 5, '71', '09-04-2021'),
(264, 5, '70', '09-04-2021'),
(265, 5, '70', '09-04-2021'),
(266, 5, '69', '09-04-2021'),
(267, 5, '69', '09-04-2021'),
(268, 5, '68', '09-04-2021'),
(269, 5, '68', '09-04-2021'),
(270, 5, '67', '09-04-2021'),
(271, 5, '66', '09-04-2021'),
(272, 5, '65', '09-04-2021'),
(273, 5, '64', '09-04-2021'),
(274, 5, '63', '09-04-2021'),
(275, 5, '62', '09-04-2021'),
(276, 5, '61', '09-04-2021'),
(277, 5, '60', '09-04-2021'),
(278, 5, '59', '09-04-2021'),
(279, 5, '58', '09-04-2021'),
(280, 5, '57', '09-04-2021'),
(281, 5, '56', '09-04-2021'),
(282, 5, '55', '09-04-2021'),
(283, 5, '54', '09-04-2021'),
(284, 5, '53', '09-04-2021'),
(285, 5, '52', '09-04-2021'),
(286, 5, '51', '09-04-2021'),
(287, 5, '50', '09-04-2021'),
(288, 5, '49', '09-04-2021'),
(289, 5, '48', '09-04-2021'),
(290, 5, '47', '09-04-2021'),
(291, 5, '46', '09-04-2021'),
(292, 5, '45', '09-04-2021'),
(293, 5, '44', '09-04-2021'),
(294, 5, '43', '09-04-2021'),
(295, 5, '42', '09-04-2021'),
(296, 5, '41', '09-04-2021'),
(297, 5, '40', '09-04-2021'),
(298, 5, '39', '09-04-2021'),
(299, 5, '38', '09-04-2021'),
(300, 5, '37', '09-04-2021'),
(301, 5, '36', '09-04-2021'),
(302, 5, '35', '09-04-2021'),
(303, 5, '34', '09-04-2021'),
(304, 5, '33', '09-04-2021'),
(305, 5, '32', '09-04-2021'),
(306, 5, '31', '09-04-2021'),
(307, 5, '30', '09-04-2021'),
(308, 5, '29', '09-04-2021'),
(309, 5, '28', '09-04-2021'),
(310, 5, '27', '09-04-2021'),
(311, 5, '26', '09-04-2021'),
(312, 5, '25', '09-04-2021'),
(313, 5, '24', '09-04-2021'),
(314, 5, '23', '09-04-2021'),
(315, 5, '22', '09-04-2021'),
(316, 5, '21', '09-04-2021'),
(317, 5, '20', '09-04-2021'),
(318, 5, '19', '09-04-2021'),
(319, 5, '18', '09-04-2021'),
(320, 5, '17', '09-04-2021'),
(321, 5, '16', '09-04-2021'),
(322, 5, '15', '09-04-2021'),
(323, 5, '14', '09-04-2021'),
(324, 5, '13', '09-04-2021'),
(325, 5, '12', '09-04-2021'),
(326, 5, '11', '09-04-2021'),
(327, 5, '10', '09-04-2021'),
(328, 5, '9', '09-04-2021'),
(329, 5, '8', '09-04-2021'),
(330, 5, '7', '09-04-2021'),
(331, 5, '6', '09-04-2021'),
(332, 5, '5', '09-04-2021'),
(333, 5, '4', '09-04-2021'),
(334, 5, '3', '09-04-2021'),
(335, 5, '2', '09-04-2021'),
(336, 5, '1', '09-04-2021'),
(337, 5, '0', '09-04-2021'),
(342, 7, '768', '03-10-2021'),
(343, 7, '767', '02-10-2021'),
(344, 7, '766', '01-10-2021'),
(345, 7, '765', '30-09-2021'),
(346, 7, '764', '29-09-2021'),
(347, 7, '763', '25-09-2021'),
(348, 7, '762', '24-09-2021'),
(349, 7, '761', '22-09-2021'),
(350, 7, '760', '18-09-2021'),
(351, 7, '759', '17-09-2021'),
(352, 7, '758', '15-09-2021'),
(353, 7, '757', '11-09-2021'),
(354, 7, '756', '10-09-2021'),
(355, 7, '755', '08-09-2021'),
(356, 7, '754', '04-09-2021'),
(357, 7, '753', '03-09-2021'),
(358, 7, '752', '01-09-2021'),
(359, 7, '751', '28-08-2021'),
(360, 7, '750', '27-08-2021'),
(361, 7, '749', '26-08-2021'),
(362, 7, '748', '25-08-2021'),
(363, 7, '747', '24-08-2021'),
(364, 7, '746', '23-08-2021'),
(365, 7, '745', '22-08-2021'),
(366, 7, '744', '21-08-2021'),
(367, 7, '743', '20-08-2021'),
(368, 7, '742', '19-08-2021'),
(369, 7, '741', '18-08-2021'),
(370, 7, '740', '17-08-2021'),
(371, 7, '739', '16-08-2021'),
(372, 7, '738', '15-08-2021'),
(373, 7, '737', '14-08-2021'),
(374, 7, '736', '14-08-2021'),
(375, 7, '735', '12-08-2021'),
(376, 7, '734', '11-08-2021'),
(377, 7, '733', '10-08-2021'),
(378, 7, '732', '09-08-2021'),
(379, 7, '731', '08-08-2021'),
(380, 7, '730', '07-08-2021'),
(381, 7, '729', '07-08-2021'),
(382, 7, '728', '04-08-2021'),
(383, 7, '727', '31-07-2021'),
(384, 7, '726', '30-07-2021'),
(385, 7, '725', '28-07-2021'),
(386, 7, '724', '24-07-2021'),
(387, 7, '723', '23-07-2021'),
(388, 7, '722', '21-07-2021'),
(389, 7, '721', '17-07-2021'),
(390, 7, '720', '17-07-2021'),
(391, 7, '719', '17-07-2021'),
(392, 7, '718', '17-07-2021'),
(393, 7, '717', '17-07-2021'),
(394, 7, '716', '17-07-2021'),
(395, 7, '715', '17-07-2021'),
(396, 7, '714', '17-07-2021'),
(397, 7, '713', '17-07-2021'),
(398, 7, '712', '26-06-2021'),
(399, 7, '711', '25-06-2021'),
(400, 7, '710', '23-06-2021'),
(401, 7, '709', '19-06-2021'),
(402, 7, '708', '18-06-2021'),
(403, 7, '707', '16-06-2021'),
(404, 7, '706', '12-06-2021'),
(405, 7, '705', '11-06-2021'),
(406, 7, '704', '09-06-2021'),
(407, 7, '703', '05-06-2021'),
(408, 7, '702', '04-06-2021'),
(409, 7, '701', '02-06-2021'),
(410, 7, '700', '29-05-2021'),
(411, 7, '699', '28-05-2021'),
(412, 7, '698', '28-05-2021'),
(413, 7, '697', '22-05-2021'),
(414, 7, '696', '22-05-2021'),
(415, 7, '695', '22-05-2021'),
(416, 7, '694', '22-05-2021'),
(417, 7, '693', '22-05-2021'),
(418, 7, '692', '12-05-2021'),
(419, 7, '691', '08-05-2021'),
(420, 7, '690', '07-05-2021'),
(421, 7, '689', '05-05-2021'),
(422, 7, '688', '01-05-2021'),
(423, 7, '687', '01-05-2021'),
(424, 7, '686', '28-04-2021'),
(425, 7, '685', '23-04-2021'),
(426, 7, '685', '24-04-2021'),
(427, 7, '684', '23-04-2021'),
(428, 7, '684', '23-04-2021'),
(429, 7, '683', '21-04-2021'),
(430, 7, '682', '21-04-2021'),
(431, 7, '681', '21-04-2021'),
(432, 7, '680', '21-04-2021'),
(433, 7, '679', '21-04-2021'),
(434, 7, '678', '21-04-2021'),
(435, 7, '677', '21-04-2021'),
(436, 7, '676', '21-04-2021'),
(437, 7, '675', '21-04-2021'),
(438, 7, '674', '21-04-2021'),
(439, 7, '673', '21-04-2021'),
(440, 7, '672', '21-04-2021'),
(441, 7, '671', '21-04-2021'),
(442, 7, '670', '21-04-2021'),
(443, 7, '669', '21-04-2021'),
(444, 7, '668', '21-04-2021'),
(445, 7, '667', '21-04-2021'),
(446, 7, '666', '21-04-2021'),
(447, 7, '665', '08-04-2021'),
(448, 7, '664', '21-04-2021'),
(449, 7, '663', '21-04-2021'),
(450, 7, '662', '21-04-2021'),
(451, 7, '661', '21-04-2021'),
(452, 7, '660', '08-04-2021'),
(453, 7, '659', '21-04-2021'),
(454, 7, '658', '21-04-2021'),
(455, 7, '657', '21-04-2021'),
(456, 7, '656', '21-04-2021'),
(457, 7, '655', '21-04-2021'),
(458, 7, '654', '21-04-2021'),
(459, 7, '653', '21-04-2021'),
(460, 7, '652', '21-04-2021'),
(461, 7, '651', '21-04-2021'),
(462, 7, '650', '21-04-2021'),
(463, 7, '649', '21-04-2021'),
(464, 7, '648', '08-04-2021'),
(465, 7, '647', '21-04-2021'),
(466, 7, '646', '21-04-2021'),
(467, 7, '645', '08-04-2021'),
(468, 7, '644', '21-04-2021'),
(469, 7, '643', '08-04-2021'),
(470, 7, '642', '21-04-2021'),
(471, 7, '641', '08-04-2021'),
(472, 7, '640', '08-04-2021'),
(473, 7, '639', '08-04-2021'),
(474, 7, '638', '21-04-2021'),
(475, 7, '637', '21-04-2021'),
(476, 7, '636', '08-04-2021'),
(477, 7, '635', '21-04-2021'),
(478, 7, '634', '08-04-2021'),
(479, 7, '633', '21-04-2021'),
(480, 7, '632', '08-04-2021'),
(481, 7, '631', '21-04-2021'),
(482, 7, '630', '21-04-2021'),
(483, 7, '629', '21-04-2021'),
(484, 7, '628', '08-04-2021'),
(485, 7, '627', '21-04-2021'),
(486, 7, '626', '21-04-2021'),
(487, 7, '625', '21-04-2021'),
(488, 7, '624', '08-04-2021'),
(489, 7, '623', '08-04-2021'),
(490, 7, '622', '21-04-2021'),
(491, 7, '621', '08-04-2021'),
(492, 7, '620', '21-04-2021'),
(493, 7, '619', '21-04-2021'),
(494, 7, '618', '21-04-2021'),
(495, 7, '617', '21-04-2021'),
(496, 7, '616', '21-04-2021'),
(497, 7, '615', '08-04-2021'),
(498, 7, '614', '21-04-2021'),
(499, 7, '613', '21-04-2021'),
(500, 7, '612', '08-04-2021'),
(501, 7, '611', '21-04-2021'),
(502, 7, '610', '21-04-2021'),
(503, 7, '609', '21-04-2021'),
(504, 7, '608', '21-04-2021'),
(505, 7, '607', '21-04-2021'),
(506, 7, '606', '21-04-2021'),
(507, 7, '605', '21-04-2021'),
(508, 7, '604', '08-04-2021'),
(509, 7, '603', '21-04-2021'),
(510, 7, '602', '21-04-2021'),
(511, 7, '601', '21-04-2021'),
(512, 7, '600', '08-04-2021'),
(513, 7, '599', '21-04-2021'),
(514, 7, '598', '21-04-2021'),
(515, 7, '597', '21-04-2021'),
(516, 7, '596', '08-04-2021'),
(517, 7, '595', '21-04-2021'),
(518, 7, '594', '21-04-2021'),
(519, 7, '593', '08-04-2021'),
(520, 7, '592', '21-04-2021'),
(521, 7, '591', '08-04-2021'),
(522, 7, '590', '21-04-2021'),
(523, 7, '589', '21-04-2021'),
(524, 7, '588', '21-04-2021'),
(525, 7, '587', '21-04-2021'),
(526, 7, '586', '08-04-2021'),
(527, 7, '585', '21-04-2021'),
(528, 7, '584', '08-04-2021'),
(529, 7, '583', '08-04-2021'),
(530, 7, '582', '08-04-2021'),
(531, 7, '581', '21-04-2021'),
(532, 7, '580', '21-04-2021'),
(533, 7, '579', '08-04-2021'),
(534, 7, '578', '08-04-2021'),
(535, 7, '577', '08-04-2021'),
(536, 7, '576', '21-04-2021'),
(537, 7, '575', '21-04-2021'),
(538, 7, '574', '21-04-2021'),
(539, 7, '573', '21-04-2021'),
(540, 7, '572', '21-04-2021'),
(541, 7, '571', '21-04-2021'),
(542, 7, '570', '21-04-2021'),
(543, 7, '569', '21-04-2021'),
(544, 7, '568', '08-04-2021'),
(545, 7, '567', '21-04-2021'),
(546, 7, '566', '21-04-2021'),
(547, 7, '565', '08-04-2021'),
(548, 7, '564', '08-04-2021'),
(549, 7, '563', '21-04-2021'),
(550, 7, '562', '21-04-2021'),
(551, 7, '561', '08-04-2021'),
(552, 7, '560', '21-04-2021'),
(553, 7, '559', '21-04-2021'),
(554, 7, '558', '21-04-2021'),
(555, 7, '557', '08-04-2021'),
(556, 7, '556', '21-04-2021'),
(557, 7, '555', '21-04-2021'),
(558, 7, '554', '08-04-2021'),
(559, 7, '553', '21-04-2021'),
(560, 7, '552', '08-04-2021'),
(561, 7, '551', '08-04-2021'),
(562, 7, '550', '08-04-2021'),
(563, 7, '549', '21-04-2021'),
(564, 7, '548', '21-04-2021'),
(565, 7, '547', '08-04-2021'),
(566, 7, '546', '21-04-2021'),
(567, 7, '545', '21-04-2021'),
(568, 7, '544', '21-04-2021'),
(569, 7, '543', '21-04-2021'),
(570, 7, '542', '21-04-2021'),
(571, 7, '541', '08-04-2021'),
(572, 7, '540', '21-04-2021'),
(573, 7, '539', '08-04-2021'),
(574, 7, '538', '21-04-2021'),
(575, 7, '537', '21-04-2021'),
(576, 7, '536', '21-04-2021'),
(577, 7, '535', '08-04-2021'),
(578, 7, '534', '08-04-2021'),
(579, 7, '533', '08-04-2021'),
(580, 7, '532', '21-04-2021'),
(581, 7, '531', '21-04-2021'),
(582, 7, '530', '21-04-2021'),
(583, 7, '529', '21-04-2021'),
(584, 7, '528', '21-04-2021'),
(585, 7, '527', '08-04-2021'),
(586, 7, '526', '21-04-2021'),
(587, 7, '525', '08-04-2021'),
(588, 7, '524', '21-04-2021'),
(589, 7, '523', '21-04-2021'),
(590, 7, '522', '21-04-2021'),
(591, 7, '521', '21-04-2021'),
(592, 7, '520', '08-04-2021'),
(593, 7, '519', '08-04-2021'),
(594, 7, '518', '21-04-2021'),
(595, 7, '517', '21-04-2021'),
(596, 7, '516', '21-04-2021'),
(597, 7, '515', '21-04-2021'),
(598, 7, '514', '21-04-2021'),
(599, 7, '513', '21-04-2021'),
(600, 7, '512', '21-04-2021'),
(601, 7, '511', '21-04-2021'),
(602, 7, '510', '21-04-2021'),
(603, 7, '509', '21-04-2021'),
(604, 7, '508', '21-04-2021'),
(605, 7, '507', '21-04-2021'),
(606, 7, '506', '21-04-2021'),
(607, 7, '505', '21-04-2021'),
(608, 7, '504', '21-04-2021'),
(609, 7, '503', '08-04-2021'),
(610, 7, '502', '21-04-2021'),
(611, 7, '501', '08-04-2021'),
(612, 7, '500', '08-04-2021'),
(613, 7, '499', '08-04-2021'),
(614, 7, '498', '21-04-2021'),
(615, 7, '497', '21-04-2021'),
(616, 7, '496', '21-04-2021'),
(617, 7, '495', '21-04-2021'),
(618, 7, '494', '08-04-2021'),
(619, 7, '493', '21-04-2021'),
(620, 7, '492', '21-04-2021'),
(621, 7, '491', '21-04-2021'),
(622, 7, '490', '21-04-2021'),
(623, 7, '489', '21-04-2021'),
(624, 7, '488', '21-04-2021'),
(625, 7, '487', '21-04-2021'),
(626, 7, '486', '21-04-2021'),
(627, 7, '485', '21-04-2021'),
(628, 7, '484', '21-04-2021'),
(629, 7, '483', '21-04-2021'),
(630, 7, '482', '21-04-2021'),
(631, 7, '481', '21-04-2021'),
(632, 7, '480', '21-04-2021'),
(633, 7, '479', '21-04-2021'),
(634, 7, '478', '21-04-2021'),
(635, 7, '477', '21-04-2021'),
(636, 7, '476', '21-04-2021'),
(637, 7, '475', '21-04-2021'),
(638, 7, '474', '21-04-2021'),
(639, 7, '473', '08-04-2021'),
(640, 7, '472', '08-04-2021'),
(641, 7, '471', '08-04-2021'),
(642, 7, '470', '08-04-2021'),
(643, 7, '469', '21-04-2021'),
(644, 7, '468', '21-04-2021'),
(645, 7, '467', '21-04-2021'),
(646, 7, '466', '21-04-2021'),
(647, 7, '465', '21-04-2021'),
(648, 7, '464', '21-04-2021'),
(649, 7, '463', '08-04-2021'),
(650, 7, '462', '21-04-2021'),
(651, 7, '461', '21-04-2021'),
(652, 7, '460', '08-04-2021'),
(653, 7, '459', '21-04-2021'),
(654, 7, '458', '21-04-2021'),
(655, 7, '457', '21-04-2021'),
(656, 7, '456', '21-04-2021'),
(657, 7, '455', '21-04-2021'),
(658, 7, '454', '08-04-2021'),
(659, 7, '453', '21-04-2021'),
(660, 7, '452', '21-04-2021'),
(661, 7, '451', '21-04-2021'),
(662, 7, '450', '21-04-2021'),
(663, 7, '449', '21-04-2021'),
(664, 7, '448', '21-04-2021'),
(665, 7, '447', '21-04-2021'),
(666, 7, '446', '21-04-2021'),
(667, 7, '445', '08-04-2021'),
(668, 7, '444', '21-04-2021'),
(669, 7, '443', '21-04-2021'),
(670, 7, '442', '08-04-2021'),
(671, 7, '441', '21-04-2021'),
(672, 7, '440', '08-04-2021'),
(673, 7, '439', '21-04-2021'),
(674, 7, '438', '21-04-2021'),
(675, 7, '437', '21-04-2021'),
(676, 7, '436', '21-04-2021'),
(677, 7, '435', '21-04-2021'),
(678, 7, '434', '21-04-2021'),
(679, 7, '433', '21-04-2021'),
(680, 7, '432', '08-04-2021'),
(681, 7, '431', '21-04-2021'),
(682, 7, '430', '21-04-2021'),
(683, 7, '429', '21-04-2021'),
(684, 7, '428', '21-04-2021'),
(685, 7, '427', '08-04-2021'),
(686, 7, '426', '21-04-2021'),
(687, 7, '425', '21-04-2021'),
(688, 7, '424', '08-04-2021'),
(689, 7, '423', '21-04-2021'),
(690, 7, '422', '21-04-2021'),
(691, 7, '421', '21-04-2021'),
(692, 7, '420', '21-04-2021'),
(693, 7, '419', '08-04-2021'),
(694, 7, '418', '21-04-2021'),
(695, 7, '417', '21-04-2021'),
(696, 7, '416', '21-04-2021'),
(697, 7, '415', '08-04-2021'),
(698, 7, '414', '21-04-2021'),
(699, 7, '413', '08-04-2021'),
(700, 7, '412', '08-04-2021'),
(701, 7, '411', '21-04-2021'),
(702, 7, '410', '21-04-2021'),
(703, 7, '409', '21-04-2021'),
(704, 7, '408', '08-04-2021'),
(705, 7, '407', '21-04-2021'),
(706, 7, '406', '08-04-2021'),
(707, 7, '405', '21-04-2021'),
(708, 7, '404', '21-04-2021'),
(709, 7, '403', '21-04-2021'),
(710, 7, '402', '08-04-2021'),
(711, 7, '401', '08-04-2021'),
(712, 7, '400', '21-04-2021'),
(713, 7, '399', '08-04-2021'),
(714, 7, '398', '21-04-2021'),
(715, 7, '397', '21-04-2021'),
(716, 7, '396', '21-04-2021'),
(717, 7, '395', '08-04-2021'),
(718, 7, '394', '21-04-2021'),
(719, 7, '393', '21-04-2021'),
(720, 7, '392', '21-04-2021'),
(721, 7, '391', '21-04-2021'),
(722, 7, '390', '21-04-2021'),
(723, 7, '389', '21-04-2021'),
(724, 7, '388', '21-04-2021'),
(725, 7, '387', '21-04-2021'),
(726, 7, '386', '21-04-2021'),
(727, 7, '385', '21-04-2021'),
(728, 7, '384', '08-04-2021'),
(729, 7, '383', '21-04-2021'),
(730, 7, '382', '21-04-2021'),
(731, 7, '381', '21-04-2021'),
(732, 7, '380', '21-04-2021'),
(733, 7, '379', '21-04-2021'),
(734, 7, '378', '21-04-2021'),
(735, 7, '377', '21-04-2021'),
(736, 7, '376', '21-04-2021'),
(737, 7, '375', '08-04-2021'),
(738, 7, '374', '21-04-2021'),
(739, 7, '373', '21-04-2021'),
(740, 7, '372', '21-04-2021'),
(741, 7, '371', '08-04-2021'),
(742, 7, '370', '21-04-2021'),
(743, 7, '369', '08-04-2021'),
(744, 7, '368', '21-04-2021'),
(745, 7, '367', '08-04-2021'),
(746, 7, '366', '21-04-2021'),
(747, 7, '365', '21-04-2021'),
(748, 7, '364', '21-04-2021'),
(749, 7, '363', '21-04-2021'),
(750, 7, '362', '21-04-2021'),
(751, 7, '361', '08-04-2021'),
(752, 7, '360', '21-04-2021'),
(753, 7, '359', '21-04-2021'),
(754, 7, '358', '08-04-2021'),
(755, 7, '357', '21-04-2021'),
(756, 7, '356', '21-04-2021'),
(757, 7, '355', '21-04-2021'),
(758, 7, '354', '08-04-2021'),
(759, 7, '353', '21-04-2021'),
(760, 7, '352', '21-04-2021'),
(761, 7, '351', '21-04-2021'),
(762, 7, '350', '21-04-2021'),
(763, 7, '349', '08-04-2021'),
(764, 7, '348', '21-04-2021'),
(765, 7, '347', '21-04-2021'),
(766, 7, '346', '21-04-2021'),
(767, 7, '345', '08-04-2021'),
(768, 7, '344', '21-04-2021'),
(769, 7, '343', '21-04-2021'),
(770, 7, '342', '21-04-2021'),
(771, 7, '341', '21-04-2021'),
(772, 7, '340', '21-04-2021'),
(773, 7, '339', '21-04-2021'),
(774, 7, '338', '21-04-2021'),
(775, 7, '337', '21-04-2021'),
(776, 7, '336', '08-04-2021'),
(777, 7, '335', '08-04-2021'),
(778, 7, '334', '08-04-2021'),
(779, 7, '333', '21-04-2021'),
(780, 7, '332', '21-04-2021'),
(781, 7, '331', '21-04-2021'),
(782, 7, '330', '08-04-2021'),
(783, 7, '329', '21-04-2021'),
(784, 7, '328', '21-04-2021'),
(785, 7, '327', '21-04-2021'),
(786, 7, '326', '21-04-2021'),
(787, 7, '325', '08-04-2021'),
(788, 7, '324', '21-04-2021'),
(789, 7, '323', '21-04-2021'),
(790, 7, '322', '21-04-2021'),
(791, 7, '321', '21-04-2021'),
(792, 7, '320', '21-04-2021'),
(793, 7, '319', '21-04-2021'),
(794, 7, '318', '08-04-2021'),
(795, 7, '317', '21-04-2021'),
(796, 7, '316', '21-04-2021'),
(797, 7, '315', '21-04-2021'),
(798, 7, '314', '21-04-2021'),
(799, 7, '313', '08-04-2021'),
(800, 7, '312', '21-04-2021'),
(801, 7, '311', '21-04-2021'),
(802, 7, '310', '08-04-2021'),
(803, 7, '309', '21-04-2021'),
(804, 7, '308', '21-04-2021'),
(805, 7, '307', '21-04-2021'),
(806, 7, '306', '08-04-2021'),
(807, 7, '305', '08-04-2021'),
(808, 7, '304', '21-04-2021'),
(809, 7, '303', '21-04-2021'),
(810, 7, '302', '21-04-2021'),
(811, 7, '301', '21-04-2021'),
(812, 7, '300', '08-04-2021'),
(813, 7, '299', '21-04-2021'),
(814, 7, '298', '21-04-2021'),
(815, 7, '297', '21-04-2021'),
(816, 7, '296', '21-04-2021'),
(817, 7, '295', '08-04-2021'),
(818, 7, '294', '08-04-2021'),
(819, 7, '293', '08-04-2021'),
(820, 7, '292', '21-04-2021'),
(821, 7, '291', '21-04-2021'),
(822, 7, '290', '21-04-2021'),
(823, 7, '289', '08-04-2021'),
(824, 7, '288', '08-04-2021'),
(825, 7, '287', '08-04-2021'),
(826, 7, '286', '21-04-2021'),
(827, 7, '285', '21-04-2021'),
(828, 7, '284', '08-04-2021'),
(829, 7, '283', '21-04-2021'),
(830, 7, '282', '21-04-2021'),
(831, 7, '281', '21-04-2021'),
(832, 7, '280', '21-04-2021'),
(833, 7, '279', '21-04-2021'),
(834, 7, '278', '21-04-2021'),
(835, 7, '277', '21-04-2021'),
(836, 7, '276', '21-04-2021'),
(837, 7, '275', '21-04-2021'),
(838, 7, '274', '21-04-2021'),
(839, 7, '273', '08-04-2021'),
(840, 7, '272', '21-04-2021'),
(841, 7, '271', '21-04-2021'),
(842, 7, '270', '21-04-2021'),
(843, 7, '269', '21-04-2021'),
(844, 7, '268', '08-04-2021'),
(845, 7, '267', '21-04-2021'),
(846, 7, '266', '21-04-2021'),
(847, 7, '265', '21-04-2021'),
(848, 7, '264', '08-04-2021'),
(849, 7, '263', '21-04-2021'),
(850, 7, '262', '21-04-2021'),
(851, 7, '261', '21-04-2021'),
(852, 7, '260', '21-04-2021'),
(853, 7, '259', '21-04-2021'),
(854, 7, '258', '08-04-2021'),
(855, 7, '257', '21-04-2021'),
(856, 7, '256', '21-04-2021'),
(857, 7, '255', '08-04-2021'),
(858, 7, '254', '08-04-2021'),
(859, 7, '253', '08-04-2021'),
(860, 7, '252', '21-04-2021'),
(861, 7, '251', '08-04-2021'),
(862, 7, '250', '21-04-2021'),
(863, 7, '249', '21-04-2021'),
(864, 7, '248', '21-04-2021'),
(865, 7, '247', '21-04-2021'),
(866, 7, '246', '08-04-2021'),
(867, 7, '245', '21-04-2021'),
(868, 7, '244', '08-04-2021'),
(869, 7, '243', '21-04-2021'),
(870, 7, '242', '21-04-2021'),
(871, 7, '241', '21-04-2021'),
(872, 7, '240', '21-04-2021'),
(873, 7, '239', '08-04-2021'),
(874, 7, '238', '21-04-2021'),
(875, 7, '237', '08-04-2021'),
(876, 7, '236', '21-04-2021'),
(877, 7, '235', '21-04-2021'),
(878, 7, '234', '21-04-2021'),
(879, 7, '233', '21-04-2021'),
(880, 7, '232', '08-04-2021'),
(881, 7, '231', '08-04-2021'),
(882, 7, '230', '08-04-2021'),
(883, 7, '229', '08-04-2021'),
(884, 7, '228', '21-04-2021'),
(885, 7, '227', '21-04-2021'),
(886, 7, '226', '08-04-2021'),
(887, 7, '225', '08-04-2021'),
(888, 7, '224', '08-04-2021'),
(889, 7, '223', '21-04-2021'),
(890, 7, '222', '21-04-2021'),
(891, 7, '221', '21-04-2021'),
(892, 7, '220', '21-04-2021'),
(893, 7, '219', '21-04-2021'),
(894, 7, '218', '21-04-2021'),
(895, 7, '217', '21-04-2021'),
(896, 7, '216', '21-04-2021'),
(897, 7, '215', '21-04-2021'),
(898, 7, '214', '21-04-2021'),
(899, 7, '213', '08-04-2021'),
(900, 7, '212', '21-04-2021'),
(901, 7, '211', '21-04-2021'),
(902, 7, '210', '21-04-2021'),
(903, 7, '209', '21-04-2021'),
(904, 7, '208', '21-04-2021'),
(905, 7, '207', '21-04-2021'),
(906, 7, '206', '21-04-2021'),
(907, 7, '205', '08-04-2021'),
(908, 7, '204', '21-04-2021'),
(909, 7, '203', '21-04-2021'),
(910, 7, '202', '08-04-2021'),
(911, 7, '201', '21-04-2021'),
(912, 7, '200', '21-04-2021'),
(913, 7, '199', '21-04-2021'),
(914, 7, '198', '08-04-2021'),
(915, 7, '197', '08-04-2021'),
(916, 7, '196', '21-04-2021'),
(917, 7, '195', '21-04-2021'),
(918, 7, '194', '21-04-2021'),
(919, 7, '193', '21-04-2021'),
(920, 7, '192', '08-04-2021'),
(921, 7, '191', '21-04-2021'),
(922, 7, '190', '21-04-2021'),
(923, 7, '189', '21-04-2021'),
(924, 7, '188', '21-04-2021'),
(925, 7, '187', '21-04-2021'),
(926, 7, '186', '21-04-2021'),
(927, 7, '185', '21-04-2021'),
(928, 7, '184', '21-04-2021'),
(929, 7, '183', '21-04-2021'),
(930, 7, '182', '08-04-2021'),
(931, 7, '181', '21-04-2021'),
(932, 7, '180', '21-04-2021'),
(933, 7, '179', '21-04-2021'),
(934, 7, '178', '08-04-2021'),
(935, 7, '177', '21-04-2021'),
(936, 7, '176', '21-04-2021'),
(937, 7, '175', '21-04-2021'),
(938, 7, '174', '08-04-2021'),
(939, 7, '173', '08-04-2021'),
(940, 7, '172', '21-04-2021'),
(941, 7, '171', '08-04-2021'),
(942, 7, '170', '21-04-2021'),
(943, 7, '169', '21-04-2021'),
(944, 7, '168', '08-04-2021'),
(945, 7, '167', '21-04-2021'),
(946, 7, '166', '08-04-2021'),
(947, 7, '165', '21-04-2021'),
(948, 7, '164', '21-04-2021'),
(949, 7, '163', '21-04-2021'),
(950, 7, '162', '08-04-2021'),
(951, 7, '161', '21-04-2021'),
(952, 7, '160', '21-04-2021'),
(953, 7, '159', '08-04-2021'),
(954, 7, '158', '21-04-2021'),
(955, 7, '157', '08-04-2021'),
(956, 7, '156', '21-04-2021'),
(957, 7, '155', '21-04-2021'),
(958, 7, '154', '21-04-2021'),
(959, 7, '153', '08-04-2021'),
(960, 7, '152', '08-04-2021'),
(961, 7, '151', '08-04-2021'),
(962, 7, '150', '21-04-2021'),
(963, 7, '149', '21-04-2021'),
(964, 7, '148', '21-04-2021'),
(965, 7, '147', '21-04-2021'),
(966, 7, '146', '08-04-2021'),
(967, 7, '145', '21-04-2021'),
(968, 7, '144', '08-04-2021'),
(969, 7, '143', '21-04-2021'),
(970, 7, '142', '21-04-2021'),
(971, 7, '141', '21-04-2021'),
(972, 7, '140', '21-04-2021'),
(973, 7, '139', '21-04-2021'),
(974, 7, '138', '21-04-2021'),
(975, 7, '137', '21-04-2021'),
(976, 7, '136', '21-04-2021'),
(977, 7, '135', '21-04-2021'),
(978, 7, '134', '21-04-2021'),
(979, 7, '133', '21-04-2021'),
(980, 7, '132', '21-04-2021'),
(981, 7, '131', '21-04-2021'),
(982, 7, '130', '08-04-2021'),
(983, 7, '129', '08-04-2021'),
(984, 7, '128', '08-04-2021'),
(985, 7, '127', '21-04-2021'),
(986, 7, '126', '21-04-2021'),
(987, 7, '125', '21-04-2021'),
(988, 7, '124', '21-04-2021'),
(989, 7, '123', '08-04-2021'),
(990, 7, '122', '21-04-2021'),
(991, 7, '121', '21-04-2021'),
(992, 7, '120', '21-04-2021'),
(993, 7, '119', '21-04-2021'),
(994, 7, '118', '21-04-2021'),
(995, 7, '117', '08-04-2021'),
(996, 7, '116', '08-04-2021'),
(997, 7, '115', '21-04-2021'),
(998, 7, '114', '21-04-2021'),
(999, 7, '113', '08-04-2021'),
(1000, 7, '112', '08-04-2021'),
(1005, 6, '95', '04-10-2021'),
(1006, 6, '95', '27-09-2021'),
(1007, 6, '94', '27-09-2021'),
(1008, 6, '93', '20-09-2021'),
(1009, 6, '9x - SS2 Begin', '19-09-2021'),
(1010, 6, '91 Complete SS1', '05-07-2021'),
(1011, 6, '90', '29-06-2021'),
(1012, 6, '89', '23-06-2021'),
(1013, 6, '88', '15-06-2021'),
(1014, 6, '87', '11-06-2021'),
(1015, 6, '86', '02-06-2021'),
(1016, 6, '85', '24-05-2021'),
(1017, 6, '84', '17-05-2021'),
(1018, 6, '83', '11-05-2021'),
(1019, 6, '82', '04-05-2021'),
(1020, 6, '81', '26-04-2021'),
(1021, 6, '80', '21-04-2021'),
(1022, 6, '79', '17-04-2021'),
(1023, 6, '78', '08-04-2021'),
(1024, 6, '77', '08-04-2021'),
(1025, 6, '76', '08-04-2021'),
(1026, 6, '75', '08-04-2021'),
(1027, 6, '74', '17-04-2021'),
(1028, 6, '73', '08-04-2021'),
(1029, 6, '72', '08-04-2021'),
(1030, 6, '71', '08-04-2021'),
(1031, 6, '70', '08-04-2021'),
(1032, 6, '69', '08-04-2021'),
(1033, 6, '68', '08-04-2021'),
(1034, 6, '67', '08-04-2021'),
(1035, 6, '66', '08-04-2021'),
(1036, 6, '65', '08-04-2021'),
(1037, 6, '64', '08-04-2021'),
(1038, 6, '63', '08-04-2021'),
(1039, 6, '62', '08-04-2021'),
(1040, 6, '61', '08-04-2021'),
(1041, 6, '60', '08-04-2021'),
(1042, 6, '59', '08-04-2021'),
(1043, 6, '58', '08-04-2021'),
(1044, 6, '57', '08-04-2021'),
(1045, 6, '56', '08-04-2021'),
(1046, 6, '55', '08-04-2021'),
(1047, 6, '54', '08-04-2021'),
(1048, 6, '53', '08-04-2021'),
(1049, 6, '52', '08-04-2021'),
(1050, 6, '51', '08-04-2021'),
(1051, 6, '50', '08-04-2021'),
(1052, 6, '49', '08-04-2021'),
(1053, 6, '48', '08-04-2021'),
(1054, 6, '47', '08-04-2021'),
(1055, 6, '46', '08-04-2021'),
(1056, 6, '45', '08-04-2021'),
(1057, 6, '44', '08-04-2021'),
(1058, 6, '43', '08-04-2021'),
(1059, 6, '42', '08-04-2021'),
(1060, 6, '41', '08-04-2021'),
(1061, 6, '40', '08-04-2021'),
(1062, 6, '39', '08-04-2021'),
(1063, 6, '38', '08-04-2021'),
(1064, 6, '37', '08-04-2021'),
(1065, 6, '36', '08-04-2021'),
(1066, 6, '35', '08-04-2021'),
(1067, 6, '34', '08-04-2021'),
(1068, 6, '33', '08-04-2021'),
(1069, 6, '32', '08-04-2021'),
(1070, 6, '31', '08-04-2021'),
(1071, 6, '30', '08-04-2021'),
(1072, 6, '29', '08-04-2021'),
(1073, 6, '28', '08-04-2021'),
(1074, 6, '27', '08-04-2021'),
(1075, 6, '26', '08-04-2021'),
(1076, 6, '25', '08-04-2021'),
(1077, 6, '24', '08-04-2021'),
(1078, 6, '23', '08-04-2021'),
(1079, 6, '22', '08-04-2021'),
(1080, 6, '21', '08-04-2021'),
(1081, 6, '20', '08-04-2021'),
(1082, 6, '19', '08-04-2021'),
(1083, 6, '18', '08-04-2021'),
(1084, 6, '17', '08-04-2021'),
(1085, 6, '16', '08-04-2021'),
(1086, 6, '15', '08-04-2021'),
(1087, 6, '14', '08-04-2021'),
(1088, 6, '13', '08-04-2021'),
(1089, 6, '12', '08-04-2021'),
(1090, 6, '11', '08-04-2021'),
(1091, 6, '10', '08-04-2021'),
(1092, 6, '9', '08-04-2021'),
(1093, 6, '8', '08-04-2021'),
(1094, 6, '7', '08-04-2021'),
(1095, 6, '6', '08-04-2021'),
(1096, 6, '5', '08-04-2021'),
(1097, 6, '4', '08-04-2021'),
(1098, 6, '3', '08-04-2021'),
(1099, 6, '2', '08-04-2021'),
(1100, 6, '1', '08-04-2021'),
(1101, 2, '87', '29-08-2021'),
(1102, 2, '86', '29-08-2021'),
(1103, 2, '85.2', '28-06-2021'),
(1104, 2, '85.1', '28-06-2021'),
(1105, 2, '84.2', '27-05-2021'),
(1106, 2, '84.1', '27-05-2021'),
(1107, 2, '84', '18-06-2021'),
(1108, 2, '83', '26-04-2021'),
(1109, 2, '82', '08-04-2021'),
(1110, 2, '81', '08-04-2021'),
(1111, 2, '80', '18-06-2021'),
(1112, 2, '79', '18-06-2021'),
(1113, 2, '78', '18-06-2021'),
(1114, 2, '77', '18-06-2021'),
(1115, 2, '76', '18-06-2021'),
(1116, 2, '75', '18-06-2021'),
(1117, 2, '74', '18-06-2021'),
(1118, 2, '73', '18-06-2021'),
(1119, 2, '72', '18-06-2021'),
(1120, 2, '71', '18-06-2021'),
(1121, 2, '70', '18-06-2021'),
(1122, 2, '69', '18-06-2021'),
(1123, 2, '68', '18-06-2021'),
(1124, 2, '67', '18-06-2021'),
(1125, 2, '66', '18-06-2021'),
(1126, 2, '65.6', '18-06-2021'),
(1127, 2, '65.5', '18-06-2021'),
(1128, 2, '65', '18-06-2021'),
(1129, 2, '64.5', '18-06-2021'),
(1130, 2, '64', '18-06-2021'),
(1131, 2, '63', '18-06-2021'),
(1132, 2, '62', '18-06-2021'),
(1133, 2, '61', '08-04-2021'),
(1134, 2, '60', '08-04-2021'),
(1135, 2, '59.5', '08-04-2021'),
(1136, 2, '59', '08-04-2021'),
(1137, 2, '58', '08-04-2021'),
(1138, 2, '57', '08-04-2021'),
(1139, 2, '56', '08-04-2021'),
(1140, 2, '55', '08-04-2021'),
(1141, 2, '54', '08-04-2021'),
(1142, 2, '53', '08-04-2021'),
(1143, 2, '52', '08-04-2021'),
(1144, 2, '51', '08-04-2021'),
(1145, 2, '50', '08-04-2021'),
(1146, 2, '49', '08-04-2021'),
(1147, 2, '48', '08-04-2021'),
(1148, 2, '47', '08-04-2021'),
(1149, 2, '46', '08-04-2021'),
(1150, 2, '45', '08-04-2021'),
(1151, 2, '44', '08-04-2021'),
(1152, 2, '43', '08-04-2021'),
(1153, 2, '42', '08-04-2021'),
(1154, 2, '41', '08-04-2021'),
(1155, 2, '40', '08-04-2021'),
(1156, 2, '39', '08-04-2021'),
(1157, 2, '38', '08-04-2021'),
(1158, 2, '37', '08-04-2021'),
(1159, 2, '36', '08-04-2021'),
(1160, 2, '35', '08-04-2021'),
(1161, 2, '34', '08-04-2021'),
(1162, 2, '33', '08-04-2021'),
(1163, 2, '32', '08-04-2021'),
(1164, 2, '31', '08-04-2021'),
(1165, 2, '30', '08-04-2021'),
(1166, 2, '29', '08-04-2021'),
(1167, 2, '28', '08-04-2021'),
(1168, 2, '27', '08-04-2021'),
(1169, 2, '26', '08-04-2021'),
(1170, 2, '25', '08-04-2021'),
(1171, 2, '24', '08-04-2021'),
(1172, 2, '23', '08-04-2021'),
(1173, 2, '22', '08-04-2021'),
(1174, 2, '21', '08-04-2021'),
(1175, 2, '20', '08-04-2021'),
(1176, 2, '19', '08-04-2021'),
(1177, 2, '18', '08-04-2021'),
(1178, 2, '17', '08-04-2021'),
(1179, 2, '16', '08-04-2021'),
(1180, 2, '15', '08-04-2021'),
(1181, 2, '14', '08-04-2021'),
(1182, 2, '13', '08-04-2021'),
(1183, 2, '12', '08-04-2021'),
(1184, 2, '11', '08-04-2021'),
(1185, 2, '10', '08-04-2021'),
(1186, 2, '9', '08-04-2021'),
(1187, 2, '8', '08-04-2021'),
(1188, 2, '7', '08-04-2021'),
(1189, 2, '6', '08-04-2021'),
(1190, 2, '5', '08-04-2021'),
(1191, 2, '4', '08-04-2021'),
(1192, 2, '3', '08-04-2021'),
(1193, 2, '2', '08-04-2021'),
(1194, 2, '1', '08-04-2021'),
(1195, 9, '54', '09-10-2021'),
(1196, 9, '53', '02-10-2021'),
(1197, 9, '52', '25-09-2021'),
(1198, 9, '51', '18-09-2021'),
(1199, 9, '50', '11-09-2021'),
(1200, 9, '49', '04-09-2021'),
(1201, 9, '48', '28-08-2021'),
(1202, 9, '47', '21-08-2021'),
(1203, 9, '46', '14-08-2021'),
(1204, 9, '45', '08-08-2021'),
(1205, 9, '44', '01-08-2021'),
(1206, 9, '43', '25-07-2021'),
(1207, 9, '42', '18-07-2021'),
(1208, 9, '41', '11-07-2021'),
(1209, 9, '40', '04-07-2021'),
(1210, 9, '39', '27-06-2021'),
(1211, 9, '38', '20-06-2021'),
(1212, 9, '37', '13-06-2021'),
(1213, 9, '36', '06-06-2021'),
(1214, 9, '35', '30-05-2021'),
(1215, 9, '34', '23-05-2021'),
(1216, 9, '33', '15-05-2021'),
(1217, 9, '32', '09-05-2021'),
(1218, 9, '31', '02-05-2021'),
(1219, 9, '30', '25-04-2021'),
(1220, 9, '29', '18-04-2021'),
(1221, 9, '28', '18-04-2021'),
(1222, 9, '27', '18-04-2021'),
(1223, 9, '26', '18-04-2021'),
(1224, 9, '25', '18-04-2021'),
(1225, 9, '24', '18-04-2021'),
(1226, 9, '23', '18-04-2021'),
(1227, 9, '22', '18-04-2021'),
(1228, 9, '21', '18-04-2021'),
(1229, 9, '20', '18-04-2021'),
(1230, 9, '19', '18-04-2021'),
(1231, 9, '18', '18-04-2021'),
(1232, 9, '17', '18-04-2021'),
(1233, 9, '16', '18-04-2021'),
(1234, 9, '15', '18-04-2021'),
(1235, 9, '14', '18-04-2021'),
(1236, 9, '13', '18-04-2021'),
(1237, 9, '12', '18-04-2021'),
(1238, 9, '11', '18-04-2021'),
(1239, 9, '10', '18-04-2021'),
(1240, 9, '9', '18-04-2021'),
(1241, 9, '8', '18-04-2021'),
(1242, 9, '7', '18-04-2021'),
(1243, 9, '6', '18-04-2021'),
(1244, 9, '5', '18-04-2021'),
(1245, 9, '4', '18-04-2021'),
(1246, 9, '3', '18-04-2021'),
(1247, 9, '2', '18-04-2021'),
(1248, 9, '1', '18-04-2021'),
(1249, 9, '0', '18-04-2021'),
(1250, 10, '124', '09-10-2021'),
(1251, 10, '123', '04-10-2021'),
(1252, 10, '122', '25-09-2021'),
(1253, 10, '121', '18-09-2021'),
(1254, 10, '120', '11-09-2021'),
(1255, 10, '119.5', '04-09-2021'),
(1256, 10, '119', '04-09-2021'),
(1257, 10, '118', '28-08-2021'),
(1258, 10, '117.5', '21-08-2021'),
(1259, 10, '117', '21-08-2021'),
(1260, 10, '116', '14-08-2021'),
(1261, 10, '115', '07-08-2021'),
(1262, 10, '114', '31-07-2021'),
(1263, 10, '113', '31-07-2021'),
(1264, 10, '112', '31-07-2021'),
(1265, 10, '111', '31-07-2021'),
(1266, 10, '110', '19-06-2021'),
(1267, 10, '108', '05-06-2021'),
(1268, 10, '109', '12-06-2021'),
(1269, 10, '107', '29-05-2021'),
(1270, 10, '106', '29-05-2021'),
(1271, 10, '105', '29-05-2021'),
(1272, 10, '104', '08-05-2021'),
(1273, 10, '103', '08-05-2021'),
(1274, 10, '102', '24-04-2021'),
(1275, 10, '101', '18-04-2021'),
(1276, 10, '100', '18-04-2021'),
(1277, 10, '99', '09-04-2021'),
(1278, 10, '98', '09-04-2021'),
(1279, 10, '97', '09-04-2021'),
(1280, 10, '96', '09-04-2021'),
(1281, 10, '95', '09-04-2021'),
(1282, 10, '94', '09-04-2021'),
(1283, 10, '93', '09-04-2021'),
(1284, 10, '92', '09-04-2021'),
(1285, 10, '91', '09-04-2021'),
(1286, 10, '90', '09-04-2021'),
(1287, 10, '89', '09-04-2021'),
(1288, 10, '88', '09-04-2021'),
(1289, 10, '87', '09-04-2021'),
(1290, 10, '86', '09-04-2021'),
(1291, 10, '85', '09-04-2021'),
(1292, 10, '84', '09-04-2021'),
(1293, 10, '83', '09-04-2021'),
(1294, 10, '82', '09-04-2021'),
(1295, 10, '81', '09-04-2021'),
(1296, 10, '80', '09-04-2021'),
(1297, 10, '79', '09-04-2021'),
(1298, 10, '78', '09-04-2021'),
(1299, 10, '77', '09-04-2021'),
(1300, 10, '76', '09-04-2021'),
(1301, 10, '75', '09-04-2021'),
(1302, 10, '74', '09-04-2021'),
(1303, 10, '73', '09-04-2021'),
(1304, 10, '72', '09-04-2021'),
(1305, 10, '71', '09-04-2021'),
(1306, 10, '70', '09-04-2021'),
(1307, 10, '69', '09-04-2021'),
(1308, 10, '68', '09-04-2021'),
(1309, 10, '67', '09-04-2021'),
(1310, 10, '66', '09-04-2021'),
(1311, 10, '65', '09-04-2021'),
(1312, 10, '64', '09-04-2021'),
(1313, 10, '63', '09-04-2021'),
(1314, 10, '62', '09-04-2021'),
(1315, 10, '61', '09-04-2021'),
(1316, 10, '60', '09-04-2021'),
(1317, 10, '59', '09-04-2021'),
(1318, 10, '58', '09-04-2021'),
(1319, 10, '57', '09-04-2021'),
(1320, 10, '56', '09-04-2021'),
(1321, 10, '55', '09-04-2021'),
(1322, 10, '54', '09-04-2021'),
(1323, 10, '53', '09-04-2021'),
(1324, 10, '52', '09-04-2021'),
(1325, 10, '51', '09-04-2021'),
(1326, 10, '50', '09-04-2021'),
(1327, 10, '49', '09-04-2021'),
(1328, 10, '48', '09-04-2021'),
(1329, 10, '47', '09-04-2021'),
(1330, 10, '46', '09-04-2021'),
(1331, 10, '45', '09-04-2021'),
(1332, 10, '44', '09-04-2021'),
(1333, 10, '43', '09-04-2021'),
(1334, 10, '42', '09-04-2021'),
(1335, 10, '41', '09-04-2021'),
(1336, 10, '40', '09-04-2021'),
(1337, 10, '39', '09-04-2021'),
(1338, 10, '38.5', '09-04-2021'),
(1339, 10, '38', '09-04-2021'),
(1340, 10, '37', '09-04-2021'),
(1341, 10, '36', '09-04-2021'),
(1342, 10, '35', '09-04-2021'),
(1343, 10, '34', '09-04-2021'),
(1344, 10, '33', '09-04-2021'),
(1345, 10, '32', '09-04-2021'),
(1346, 10, '31', '09-04-2021'),
(1347, 10, '30.5', '09-04-2021'),
(1348, 10, '30', '09-04-2021'),
(1349, 10, '29', '09-04-2021'),
(1350, 10, '28', '09-04-2021'),
(1351, 10, '27', '09-04-2021'),
(1352, 10, '26', '09-04-2021'),
(1353, 10, '25.8', '09-04-2021'),
(1354, 10, '25.5', '09-04-2021'),
(1355, 10, '25', '09-04-2021'),
(1356, 10, '24', '09-04-2021'),
(1357, 10, '23', '09-04-2021'),
(1358, 10, '22', '09-04-2021'),
(1359, 10, '21', '09-04-2021'),
(1360, 10, '20', '09-04-2021'),
(1361, 10, '19', '09-04-2021'),
(1362, 10, '18', '09-04-2021'),
(1363, 10, '17', '09-04-2021'),
(1364, 10, '16', '09-04-2021'),
(1365, 10, '15', '09-04-2021'),
(1366, 10, '14', '09-04-2021'),
(1367, 10, '13', '09-04-2021'),
(1368, 10, '12', '09-04-2021'),
(1369, 10, '11', '09-04-2021'),
(1370, 10, '10', '09-04-2021'),
(1371, 10, '9', '09-04-2021'),
(1372, 10, '8', '09-04-2021'),
(1373, 10, '7', '09-04-2021'),
(1374, 10, '6', '09-04-2021'),
(1375, 10, '5', '09-04-2021'),
(1376, 10, '4', '09-04-2021'),
(1377, 10, '3', '09-04-2021'),
(1378, 10, '2', '09-04-2021'),
(1379, 10, '1', '09-04-2021');

-- --------------------------------------------------------

--
-- Cấu trúc bảng cho bảng `comment_manga`
--

CREATE TABLE `comment_manga` (
  `id` int(11) NOT NULL,
  `parent_comment_id` int(11) NOT NULL,
  `id_manga` int(11) NOT NULL,
  `id_user` int(11) NOT NULL,
  `comment` text COLLATE utf8mb4_unicode_ci NOT NULL,
  `create_time` varchar(100) COLLATE utf8mb4_unicode_ci NOT NULL,
  `status` int(5) NOT NULL
) ENGINE=InnoDB DEFAULT CHARSET=utf8mb4 COLLATE=utf8mb4_unicode_ci;

--
-- Đang đổ dữ liệu cho bảng `comment_manga`
--

INSERT INTO `comment_manga` (`id`, `parent_comment_id`, `id_manga`, `id_user`, `comment`, `create_time`, `status`) VALUES
(1, 0, 6, 1, 'test', '10-10-2021 16:40:06', 1),
(2, 0, 6, 1, 'Test bình luận', '10-10-2021 16:45:14', 1),
(3, 0, 6, 1, 'test bình luận lần 2', '10-10-2021 16:47:49', 1),
(4, 0, 3, 1, 'test view 2', '10-10-2021 19:55:37', 1),
(5, 2, 6, 1, 'hú hú', '10-10-2021 19:58:34', 1),
(6, 0, 5, 1, 'phúc', '10-10-2021 20:16:38', 1),
(7, 3, 6, 1, 'haizz', '10-10-2021 22:11:03', 1),
(8, 7, 6, 1, 'Dư nào đấy', '10-10-2021 22:11:12', 1),
(9, 0, 6, 3, 'test bình luận trên site', '10-10-2021 22:43:18', 1),
(10, 3, 6, 3, 'Test trả lời bình luận trên site', '10-10-2021 22:43:36', 1),
(11, 0, 10, 3, 'Bình luận đi anh em', '10-10-2021 22:44:04', 1);

-- --------------------------------------------------------

--
-- Cấu trúc bảng cho bảng `image_chapter`
--

CREATE TABLE `image_chapter` (
  `id` int(11) NOT NULL,
  `id_chapter` int(11) NOT NULL,
  `image` text COLLATE utf8mb4_unicode_ci NOT NULL
) ENGINE=InnoDB DEFAULT CHARSET=utf8mb4 COLLATE=utf8mb4_unicode_ci;

-- --------------------------------------------------------

--
-- Cấu trúc bảng cho bảng `manga`
--

CREATE TABLE `manga` (
  `id` int(11) NOT NULL,
  `name_manga` text COLLATE utf8mb4_unicode_ci NOT NULL,
  `anothor_name` varchar(200) COLLATE utf8mb4_unicode_ci NOT NULL,
  `description` text COLLATE utf8mb4_unicode_ci NOT NULL,
  `alias` varchar(100) COLLATE utf8mb4_unicode_ci NOT NULL,
  `image` text COLLATE utf8mb4_unicode_ci NOT NULL,
  `author` varchar(100) COLLATE utf8mb4_unicode_ci NOT NULL,
  `view` int(11) NOT NULL,
  `category` varchar(100) COLLATE utf8mb4_unicode_ci NOT NULL,
  `team_translate` varchar(100) COLLATE utf8mb4_unicode_ci NOT NULL,
  `release_date` varchar(50) COLLATE utf8mb4_unicode_ci NOT NULL,
  `favorite` int(11) NOT NULL,
  `status` int(11) NOT NULL
) ENGINE=InnoDB DEFAULT CHARSET=utf8mb4 COLLATE=utf8mb4_unicode_ci;

--
-- Đang đổ dữ liệu cho bảng `manga`
--

INSERT INTO `manga` (`id`, `name_manga`, `anothor_name`, `description`, `alias`, `image`, `author`, `view`, `category`, `team_translate`, `release_date`, `favorite`, `status`) VALUES
(1, 'Tu tiên giả đại chiến siêu năng lực', 'Tu tiên giả đại chiến siêu năng lực', '', 'tu-tien-gia-dai-chien-sieu-nang-luc', 'images/tu-tien-gia-dai-chien-sieu-nang-luc.jpg', 'Manhua', 118, 'Tu tiên', 'Phúc Híp', 'Thứ 6', 155, 1),
(2, 'Tôi đã chuyển sinh thành Slime', 'Dạo quanh lãnh địa Demon', 'Một manga khác chuyển thể từ light novel đang hot ở nhật. Một anh chàng bị tên cướp đâm chết khi đang gặp vợ chưa cưới của đồng nghiệp. Khi đang thoi thóp trước khi chết, người đầy máu, anh ta nghe được một tiếng nói kỳ lạ. Giọng nói ấy chuyển thể sự tiếc nuối của anh chàng vì vẫn còn tân trước khi đi và ban cho anh ta chiêu thức đặc biệt [tiên nhân vĩ đại]. Liệu đây có phải là trò đùa?', 'toi-da-chuyen-sinh-thanh-slime', 'images/toi-da-chuyen-sinh-thanh-slime.jpg', 'Manga', 1700250, 'Chuyển sinh', 'Phúc Híp', 'Thứ 3', 265, 1),
(3, 'Solo Leveling', '', '', 'toi-thang-cap-mot-minh', 'images/toi-thang-cap-mot-minh.jpg', 'Phúc Híp', 1178956, 'Manhua', 'Chu Huyền', 'Thứ 5', 16645, 0),
(4, 'Anh hùng mạnh nhất trở lại', 'Anh hùng mạnh nhất trở lại', '', 'anh-hung-manh-nhat-tro-lai', 'images/anh-hung-manh-nhat-tro-lai.jpg', '', 117845, 'Manga', 'Phúc Híp', 'Thứ 4', 11478, 1),
(5, 'Anh hùng mạnh nhất ! Ta không làm lâu rồi', 'Kẻ sống sót vua kiếm', 'Một thanh niên vô tình bị du hành tới một thế giới ảo, nơi anh được hỗ trợ bởi một hệ thống siêu đẳng. Anh trở thành “người được chọn”, chỉ có điều hệ thống đó… lỗi lòi mắt. Anh ta sẽ phải chiến đấu r', 'anh-hung-manh-nhat-ta-khong-lam-lau-roi', 'images/anh-hung-manh-nhat-ta-khong-lam-lau-roi.jpg', 'Phúc', 44789, 'Manhua', 'Phúc Híp', 'Thứ 7', 5689, 1),
(6, 'Sự trở lại của pháp sư vĩ đại sau 4000 năm', 'Pháp sư vĩ đại trở lại sau 4000 năm', 'Đại phù thủy Lucas Traumen - người mạnh nhất thế giới. Trong một lần đi tiêu diệt quái vật đã khiến thần nổi giận và phạm tội khinh thường Chúa, anh ta bị phong ấn trong địa ngục suốt 4000 năm. Đến khi tỉnh lại thì anh ta đã nhập vào thân xác của Frey Blake - thanh niên yếu nhất thế giới vừa tự sát, và bắt đầu hành trình khôi phục lại sức mạnh để diệt thần.', 'su-tro-lai-cua-phap-su-vi-dai-sau-4000-nam', 'images/su-tro-lai-cua-phap-su-vi-dai-sau-4000-nam.jpg', 'Huyền', 7846, 'Manhua', 'Phúc Híp', 'Thứ 6', 78954, 1),
(7, 'Tiên kiếm bất bại', 'Tiên kiếm bất bại', '', 'tien-kiem-bat-bai', 'images/tien-kiem-bat-bai.jpg', '', 0, '', '', '', 0, 1),
(8, 'Toàn chức pháp sư', '全职法师', 'Tỉnh lại sau giấc ngủ, thế giới đại biến. Quen thuộc cao trung truyền thụ chính là phép thuật, nói cho mọi người muốn trở thành một tên xuất sắc Ma Pháp Sư. Ở lại đô thị ở ngoài du đãng tập kích nhân loại ma vật yêu thú, mắt nhìn chằm chằm. Tôn trọng khoa học thế giới đã biến thành tôn trọng phép thuật, một mực có như nhau lấy học tra đối xử giáo viên của chính mình, như nhau ánh mắt dị dạng bạn học, như nhau xã hội tầng dưới chót giãy dụa ba ba, như nhau thuần mỹ nhưng không thể bước đi không phải huyết thống muội muội... Bất quá, Mạc Phàm phát hiện tuyệt đại đa số người đều chỉ có thể chủ tu nhất hệ phép thuật, chính mình nhưng là toàn hệ toàn năng pháp sư!', 'toan-chuc-phap-su', 'images/toan-chuc-phap-su.jpg', '', 0, '', '', '', 0, 1),
(9, 'Bạn học của tôi là lính đánh thuê', 'Bạn học tôi là lính đánh thuê', 'Yu Ijin - người duy nhất sống sót sau một vụ tai nạn máy bay thảm khốc khi anh còn nhỏ. Sau quãng thời gian 10 năm trở thành lính đánh thuê để hoàn thành giao kèo với người đã cứu mình, cậu đã trở về ', 'ban-hoc-cua-toi-la-linh-danh-thue', 'images/ban-hoc-cua-toi-la-linh-danh-thue.jpg', '', 17896, 'Hành động', 'Mega Team', 'Thứ 3', 1457, 1),
(10, 'Ánh sáng nơi cuối con đường', 'The Beginning After The End', 'King Grey là người sở hữu tất cả trong một thế giới bị Võ thuật chi phối. Nhưng đi đôi với một sức mạnh to lớn lại là sự cô độc không hồi kết. Thế nên, mặc dù vẻ bên ngoài là một quốc vương mạnh mẽ, n', 'anh-sang-cuoi-con-duong', 'images/the-beginning-after-the-end.webp', 'TurtleMe', 47501, 'Hành dộng', '', 'Thứ 6', 1450, 1);

-- --------------------------------------------------------

--
-- Cấu trúc bảng cho bảng `tbl_meta`
--

CREATE TABLE `tbl_meta` (
  `id` int(11) NOT NULL,
  `title` varchar(100) COLLATE utf8mb4_unicode_ci NOT NULL,
  `metadesc` text COLLATE utf8mb4_unicode_ci NOT NULL,
  `meta_keyword` varchar(100) COLLATE utf8mb4_unicode_ci NOT NULL
) ENGINE=InnoDB DEFAULT CHARSET=utf8mb4 COLLATE=utf8mb4_unicode_ci;

--
-- Đang đổ dữ liệu cho bảng `tbl_meta`
--

INSERT INTO `tbl_meta` (`id`, `title`, `metadesc`, `meta_keyword`) VALUES
(1, 'Overlord Manga', 'Overlord Manga - Kho truyện tranh online miễn phí', 'Overlord.manga'),
(2, 'Hot', 'Những bộ truyện Hot nhất', 'Hot');

-- --------------------------------------------------------

--
-- Cấu trúc bảng cho bảng `user`
--

CREATE TABLE `user` (
  `id` int(11) NOT NULL,
  `username` varchar(50) COLLATE utf8mb4_unicode_ci NOT NULL,
  `password` varchar(50) COLLATE utf8mb4_unicode_ci NOT NULL,
  `email` varchar(50) COLLATE utf8mb4_unicode_ci NOT NULL,
  `image` text COLLATE utf8mb4_unicode_ci NOT NULL,
  `phone` varchar(15) COLLATE utf8mb4_unicode_ci NOT NULL
) ENGINE=InnoDB DEFAULT CHARSET=utf8mb4 COLLATE=utf8mb4_unicode_ci;

--
-- Đang đổ dữ liệu cho bảng `user`
--

INSERT INTO `user` (`id`, `username`, `password`, `email`, `image`, `phone`) VALUES
(1, 'Phúc Híp', 'c20ad4d76fe97759aa27a0c99bff6710', 'buiphuc044@gmail.com', 'image/avatar/avatar.jpg', '0912870820'),
(2, 'Chu Huyền', 'c20ad4d76fe97759aa27a0c99bff6710', 'chuhuyen44m@gmail.com', 'image/avatar/no-user.png', ''),
(3, 'Bùi Văn Phúc', '202cb962ac59075b964b07152d234b70', 'buiphuc160@gmail.com', 'image/avatar/no-user.png', 'null');

--
-- Chỉ mục cho các bảng đã đổ
--

--
-- Chỉ mục cho bảng `chapter`
--
ALTER TABLE `chapter`
  ADD PRIMARY KEY (`id`);

--
-- Chỉ mục cho bảng `comment_manga`
--
ALTER TABLE `comment_manga`
  ADD PRIMARY KEY (`id`);

--
-- Chỉ mục cho bảng `image_chapter`
--
ALTER TABLE `image_chapter`
  ADD PRIMARY KEY (`id`);

--
-- Chỉ mục cho bảng `manga`
--
ALTER TABLE `manga`
  ADD PRIMARY KEY (`id`);

--
-- Chỉ mục cho bảng `tbl_meta`
--
ALTER TABLE `tbl_meta`
  ADD PRIMARY KEY (`id`);

--
-- Chỉ mục cho bảng `user`
--
ALTER TABLE `user`
  ADD PRIMARY KEY (`id`);

--
-- AUTO_INCREMENT cho các bảng đã đổ
--

--
-- AUTO_INCREMENT cho bảng `chapter`
--
ALTER TABLE `chapter`
  MODIFY `id` int(11) NOT NULL AUTO_INCREMENT, AUTO_INCREMENT=1380;

--
-- AUTO_INCREMENT cho bảng `comment_manga`
--
ALTER TABLE `comment_manga`
  MODIFY `id` int(11) NOT NULL AUTO_INCREMENT, AUTO_INCREMENT=12;

--
-- AUTO_INCREMENT cho bảng `image_chapter`
--
ALTER TABLE `image_chapter`
  MODIFY `id` int(11) NOT NULL AUTO_INCREMENT;

--
-- AUTO_INCREMENT cho bảng `manga`
--
ALTER TABLE `manga`
  MODIFY `id` int(11) NOT NULL AUTO_INCREMENT, AUTO_INCREMENT=11;

--
-- AUTO_INCREMENT cho bảng `tbl_meta`
--
ALTER TABLE `tbl_meta`
  MODIFY `id` int(11) NOT NULL AUTO_INCREMENT, AUTO_INCREMENT=3;

--
-- AUTO_INCREMENT cho bảng `user`
--
ALTER TABLE `user`
  MODIFY `id` int(11) NOT NULL AUTO_INCREMENT, AUTO_INCREMENT=4;
COMMIT;

/*!40101 SET CHARACTER_SET_CLIENT=@OLD_CHARACTER_SET_CLIENT */;
/*!40101 SET CHARACTER_SET_RESULTS=@OLD_CHARACTER_SET_RESULTS */;
/*!40101 SET COLLATION_CONNECTION=@OLD_COLLATION_CONNECTION */;
