-- phpMyAdmin SQL Dump
-- version 4.8.0
-- https://www.phpmyadmin.net/
--
-- Host: 127.0.0.1
-- Generation Time: Mar 02, 2022 at 08:54 AM
-- Server version: 10.1.31-MariaDB
-- PHP Version: 7.2.4

SET SQL_MODE = "NO_AUTO_VALUE_ON_ZERO";
SET AUTOCOMMIT = 0;
START TRANSACTION;
SET time_zone = "+00:00";


/*!40101 SET @OLD_CHARACTER_SET_CLIENT=@@CHARACTER_SET_CLIENT */;
/*!40101 SET @OLD_CHARACTER_SET_RESULTS=@@CHARACTER_SET_RESULTS */;
/*!40101 SET @OLD_COLLATION_CONNECTION=@@COLLATION_CONNECTION */;
/*!40101 SET NAMES utf8mb4 */;

--
-- Database: `overlord`
--

-- --------------------------------------------------------

--
-- Table structure for table `chapter`
--

CREATE TABLE `chapter` (
  `id` int(11) NOT NULL,
  `id_manga` int(11) NOT NULL,
  `chapter` varchar(50) COLLATE utf8mb4_unicode_ci NOT NULL,
  `view` int(11) NOT NULL,
  `create_time` varchar(50) COLLATE utf8mb4_unicode_ci NOT NULL,
  `modify_time` varchar(50) COLLATE utf8mb4_unicode_ci DEFAULT NULL
) ENGINE=InnoDB DEFAULT CHARSET=utf8mb4 COLLATE=utf8mb4_unicode_ci;

--
-- Dumping data for table `chapter`
--

INSERT INTO `chapter` (`id`, `id_manga`, `chapter`, `view`, `create_time`, `modify_time`) VALUES
(1, 1, '124', 1, '1646202570', '1646202570'),
(2, 1, '123', 0, '1646202570', '1646202570'),
(3, 1, '122', 0, '1646202570', '1646202570'),
(4, 1, '121', 0, '1646202570', '1646202570'),
(5, 1, '120', 0, '1646202570', '1646202570'),
(6, 1, '119', 0, '1646202570', '1646202570'),
(7, 1, '118', 0, '1646202570', '1646202570'),
(8, 1, '117', 0, '1646202570', '1646202570'),
(9, 1, '116', 0, '1646202570', '1646202570'),
(10, 1, '115', 0, '1646202570', '1646202570'),
(11, 1, '114', 0, '1646202570', '1646202570'),
(12, 1, '113', 0, '1646202570', '1646202570'),
(13, 1, '112', 0, '1646202570', '1646202570'),
(14, 1, '111', 0, '1646202570', '1646202570'),
(15, 1, '110', 0, '1646202570', '1646202570'),
(16, 1, '109', 0, '1646202570', '1646202570'),
(17, 1, '108', 0, '1646202570', '1646202570'),
(18, 1, '107', 0, '1646202570', '1646202570'),
(19, 1, '106', 0, '1646202570', '1646202570'),
(20, 1, '105', 0, '1646202570', '1646202570'),
(21, 1, '104', 0, '1646202570', '1646202570'),
(22, 1, '103', 0, '1646202570', '1646202570'),
(23, 1, '102', 0, '1646202570', '1646202570'),
(24, 1, '101', 0, '1646202570', '1646202570'),
(25, 1, '100', 0, '1646202570', '1646202570'),
(26, 1, '99', 0, '1646202570', '1646202570'),
(27, 1, '98', 0, '1646202570', '1646202570'),
(28, 1, '97', 0, '1646202570', '1646202570'),
(29, 1, '96', 0, '1646202570', '1646202570'),
(30, 1, '95', 0, '1646202570', '1646202570'),
(31, 1, '94', 0, '1646202570', '1646202570'),
(32, 1, '93', 0, '1646202570', '1646202570'),
(33, 1, '92', 0, '1646202570', '1646202570'),
(34, 1, '91', 0, '1646202570', '1646202570'),
(35, 1, '90', 0, '1646202570', '1646202570'),
(36, 1, '89', 0, '1646202570', '1646202570'),
(37, 1, '88', 0, '1646202570', '1646202570'),
(38, 1, '87', 0, '1646202570', '1646202570'),
(39, 1, '86', 0, '1646202570', '1646202570'),
(40, 1, '85', 0, '1646202570', '1646202570'),
(41, 1, '84', 0, '1646202570', '1646202570'),
(42, 1, '83', 0, '1646202570', '1646202570'),
(43, 1, '82', 0, '1646202570', '1646202570'),
(44, 1, '81', 0, '1646202570', '1646202570'),
(45, 1, '80', 0, '1646202570', '1646202570'),
(46, 1, '80', 0, '1646202570', '1646202570'),
(47, 1, '79', 0, '1646202570', '1646202570'),
(48, 1, '78', 0, '1646202570', '1646202570'),
(49, 1, '78', 0, '1646202570', '1646202570'),
(50, 1, '77', 0, '1646202570', '1646202570'),
(51, 1, '76', 0, '1646202570', '1646202570'),
(52, 1, '75', 0, '1646202570', '1646202570'),
(53, 1, '74', 0, '1646202570', '1646202570'),
(54, 1, '73', 0, '1646202570', '1646202570'),
(55, 1, '72', 0, '1646202570', '1646202570'),
(56, 1, '71', 0, '1646202570', '1646202570'),
(57, 1, '70', 0, '1646202570', '1646202570'),
(58, 1, '69', 0, '1646202570', '1646202570'),
(59, 1, '68', 0, '1646202570', '1646202570'),
(60, 1, '67', 0, '1646202570', '1646202570'),
(61, 1, '66', 0, '1646202570', '1646202570'),
(62, 1, '65', 0, '1646202570', '1646202570'),
(63, 1, '64', 0, '1646202570', '1646202570'),
(64, 1, '63', 0, '1646202570', '1646202570'),
(65, 1, '62', 0, '1646202570', '1646202570'),
(66, 1, '61', 0, '1646202570', '1646202570'),
(67, 1, '60', 0, '1646202570', '1646202570'),
(68, 1, '59', 0, '1646202570', '1646202570'),
(69, 1, '58', 0, '1646202570', '1646202570'),
(70, 1, '57', 0, '1646202570', '1646202570'),
(71, 1, '56', 0, '1646202570', '1646202570'),
(72, 1, '55', 0, '1646202570', '1646202570'),
(73, 1, '54', 0, '1646202570', '1646202570'),
(74, 1, '53', 0, '1646202570', '1646202570'),
(75, 1, '52', 0, '1646202570', '1646202570'),
(76, 1, '51', 0, '1646202570', '1646202570'),
(77, 1, '50', 0, '1646202570', '1646202570'),
(78, 1, '49', 0, '1646202570', '1646202570'),
(79, 1, '48', 0, '1646202570', '1646202570'),
(80, 1, '47', 0, '1646202570', '1646202570'),
(81, 1, '46', 0, '1646202570', '1646202570'),
(82, 1, '45', 0, '1646202570', '1646202570'),
(83, 1, '44', 0, '1646202570', '1646202570'),
(84, 1, '43', 0, '1646202570', '1646202570'),
(85, 1, '42', 0, '1646202570', '1646202570'),
(86, 1, '41', 0, '1646202570', '1646202570'),
(87, 1, '40', 0, '1646202570', '1646202570'),
(88, 1, '39', 0, '1646202570', '1646202570'),
(89, 1, '38', 0, '1646202570', '1646202570'),
(90, 1, '37', 0, '1646202570', '1646202570'),
(91, 1, '36', 0, '1646202570', '1646202570'),
(92, 1, '35', 0, '1646202570', '1646202570'),
(93, 1, '34', 0, '1646202570', '1646202570'),
(94, 1, '33', 0, '1646202570', '1646202570'),
(95, 1, '32', 0, '1646202570', '1646202570'),
(96, 1, '31', 0, '1646202570', '1646202570'),
(97, 1, '30', 0, '1646202570', '1646202570'),
(98, 1, '29', 0, '1646202570', '1646202570'),
(99, 1, '28', 0, '1646202570', '1646202570'),
(100, 1, '27', 0, '1646202570', '1646202570'),
(101, 1, '26', 0, '1646202570', '1646202570'),
(102, 1, '25', 0, '1646202570', '1646202570'),
(103, 1, '24', 0, '1646202570', '1646202570'),
(104, 1, '23', 0, '1646202570', '1646202570'),
(105, 1, '22', 0, '1646202570', '1646202570'),
(106, 1, '21', 0, '1646202570', '1646202570'),
(107, 1, '20', 0, '1646202570', '1646202570'),
(108, 1, '19', 0, '1646202570', '1646202570'),
(109, 1, '18', 0, '1646202570', '1646202570'),
(110, 1, '17', 0, '1646202570', '1646202570'),
(111, 1, '16', 0, '1646202570', '1646202570'),
(112, 1, '15', 0, '1646202570', '1646202570'),
(113, 1, '14', 0, '1646202570', '1646202570'),
(114, 1, '13', 0, '1646202570', '1646202570'),
(115, 1, '12', 0, '1646202570', '1646202570'),
(116, 1, '11', 0, '1646202570', '1646202570'),
(117, 1, '10', 0, '1646202570', '1646202570'),
(118, 1, '9', 0, '1646202570', '1646202570'),
(119, 1, '8', 0, '1646202570', '1646202570'),
(120, 1, '7', 0, '1646202570', '1646202570'),
(121, 1, '6', 0, '1646202570', '1646202570'),
(122, 1, '5', 0, '1646202570', '1646202570'),
(123, 1, '4', 0, '1646202570', '1646202570'),
(124, 1, '3', 0, '1646202570', '1646202570'),
(125, 1, '2', 0, '1646202570', '1646202570'),
(126, 1, '1', 0, '1646202570', '1646202570'),
(127, 3, '58', 0, '1646202570', '1646202570'),
(128, 3, '57', 0, '1646202570', '1646202570'),
(129, 3, '56', 0, '1646202570', '1646202570'),
(130, 3, '55', 0, '1646202570', '1646202570'),
(131, 3, '54', 0, '1646202570', '1646202570'),
(132, 3, '53', 0, '1646202570', '1646202570'),
(133, 3, '52', 0, '1646202570', '1646202570'),
(134, 3, '51', 0, '1646202570', '1646202570'),
(135, 3, '50', 0, '1646202570', '1646202570'),
(136, 3, '49', 0, '1646202570', '1646202570'),
(137, 3, '48', 0, '1646202570', '1646202570'),
(138, 3, '47', 0, '1646202570', '1646202570'),
(139, 3, '46', 0, '1646202570', '1646202570'),
(140, 3, '45', 0, '1646202570', '1646202570'),
(141, 3, '44', 0, '1646202570', '1646202570'),
(142, 3, '43', 0, '1646202570', '1646202570'),
(143, 3, '42', 0, '1646202570', '1646202570'),
(144, 3, '41', 0, '1646202570', '1646202570'),
(145, 3, '40', 0, '1646202570', '1646202570'),
(146, 3, '39', 0, '1646202570', '1646202570'),
(147, 3, '38', 0, '1646202570', '1646202570'),
(148, 3, '37', 0, '1646202570', '1646202570'),
(149, 3, '36', 0, '1646202570', '1646202570'),
(150, 3, '35', 0, '1646202570', '1646202570'),
(151, 3, '34', 0, '1646202570', '1646202570'),
(152, 3, '33', 0, '1646202570', '1646202570'),
(153, 3, '32', 0, '1646202570', '1646202570'),
(154, 3, '31', 0, '1646202570', '1646202570'),
(155, 3, '30', 0, '1646202570', '1646202570'),
(156, 3, '29', 0, '1646202570', '1646202570'),
(157, 3, '28', 0, '1646202570', '1646202570'),
(158, 3, '27', 0, '1646202570', '1646202570'),
(159, 3, '26', 0, '1646202570', '1646202570'),
(160, 3, '25', 0, '1646202570', '1646202570'),
(161, 3, '24', 0, '1646202570', '1646202570'),
(162, 3, '23', 0, '1646202570', '1646202570'),
(163, 3, '22', 0, '1646202570', '1646202570'),
(164, 3, '21', 0, '1646202570', '1646202570'),
(165, 3, '20', 0, '1646202570', '1646202570'),
(166, 3, '19', 0, '1646202570', '1646202570'),
(167, 3, '18', 0, '1646202570', '1646202570'),
(168, 3, '17', 0, '1646202570', '1646202570'),
(169, 3, '16', 0, '1646202570', '1646202570'),
(170, 3, '15', 0, '1646202570', '1646202570'),
(171, 3, '14', 0, '1646202570', '1646202570'),
(172, 3, '13', 0, '1646202570', '1646202570'),
(173, 3, '12', 0, '1646202570', '1646202570'),
(174, 3, '11', 0, '1646202570', '1646202570'),
(175, 3, '10', 0, '1646202570', '1646202570'),
(176, 3, '9', 0, '1646202570', '1646202570'),
(177, 3, '8', 0, '1646202570', '1646202570'),
(178, 3, '7', 0, '1646202570', '1646202570'),
(179, 3, '6', 0, '1646202570', '1646202570'),
(180, 3, '5', 0, '1646202570', '1646202570'),
(181, 3, '4', 0, '1646202570', '1646202570'),
(182, 3, '3', 0, '1646202570', '1646202570'),
(183, 3, '2', 0, '1646202570', '1646202570'),
(184, 3, '1', 0, '1646202570', '1646202570'),
(185, 4, '49', 0, '1646202570', '1646202570'),
(186, 4, '48', 0, '1646202570', '1646202570'),
(187, 4, '47', 0, '1646202570', '1646202570'),
(188, 4, '46', 0, '1646202570', '1646202570'),
(189, 4, '45', 0, '1646202570', '1646202570'),
(190, 4, '44', 0, '1646202570', '1646202570'),
(191, 4, '43', 0, '1646202570', '1646202570'),
(192, 4, '42', 0, '1646202570', '1646202570'),
(193, 4, '41', 0, '1646202570', '1646202570'),
(194, 4, '40', 0, '1646202570', '1646202570'),
(195, 4, '39', 0, '1646202570', '1646202570'),
(196, 4, '38', 0, '1646202570', '1646202570'),
(197, 4, '37', 0, '1646202570', '1646202570'),
(198, 4, '36', 0, '1646202570', '1646202570'),
(199, 4, '35', 0, '1646202570', '1646202570'),
(200, 4, '34', 0, '1646202570', '1646202570'),
(201, 4, '33', 0, '1646202570', '1646202570'),
(202, 4, '32', 0, '1646202570', '1646202570'),
(203, 4, '31', 0, '1646202570', '1646202570'),
(204, 4, '30', 0, '1646202570', '1646202570'),
(205, 4, '29', 0, '1646202570', '1646202570'),
(206, 4, '28', 0, '1646202570', '1646202570'),
(207, 4, '27', 0, '1646202570', '1646202570'),
(208, 4, '26', 0, '1646202570', '1646202570'),
(209, 4, '25', 0, '1646202570', '1646202570'),
(210, 4, '24', 0, '1646202570', '1646202570'),
(211, 4, '23', 0, '1646202570', '1646202570'),
(212, 4, '22', 0, '1646202570', '1646202570'),
(213, 4, '21', 0, '1646202570', '1646202570'),
(214, 4, '20', 0, '1646202570', '1646202570'),
(215, 4, '19', 0, '1646202570', '1646202570'),
(216, 4, '18', 0, '1646202570', '1646202570'),
(217, 4, '17', 0, '1646202570', '1646202570'),
(218, 4, '16', 0, '1646202570', '1646202570'),
(219, 4, '15', 0, '1646202570', '1646202570'),
(220, 4, '14', 0, '1646202570', '1646202570'),
(221, 4, '13', 0, '1646202570', '1646202570'),
(222, 4, '12', 0, '1646202570', '1646202570'),
(223, 4, '11', 0, '1646202570', '1646202570'),
(224, 4, '10', 0, '1646202570', '1646202570'),
(225, 4, '9', 0, '1646202570', '1646202570'),
(226, 4, '8', 0, '1646202570', '1646202570'),
(227, 4, '7', 0, '1646202570', '1646202570'),
(228, 4, '6', 0, '1646202570', '1646202570'),
(229, 4, '5', 0, '1646202570', '1646202570'),
(230, 4, '4', 0, '1646202570', '1646202570'),
(231, 4, '3', 0, '1646202570', '1646202570'),
(232, 4, '2', 0, '1646202570', '1646202570'),
(233, 4, '1', 0, '1646202570', '1646202570'),
(234, 5, '99', 0, '1646202570', '1646202570'),
(235, 5, '98', 0, '1646202570', '1646202570'),
(236, 5, '97', 0, '1646202570', '1646202570'),
(237, 5, '96', 0, '1646202570', '1646202570'),
(238, 5, '95', 0, '1646202570', '1646202570'),
(239, 5, '94', 0, '1646202570', '1646202570'),
(240, 5, '93', 0, '1646202570', '1646202570'),
(241, 5, '92', 0, '1646202570', '1646202570'),
(242, 5, '91', 0, '1646202570', '1646202570'),
(243, 5, '90', 0, '1646202570', '1646202570'),
(244, 5, '89', 0, '1646202570', '1646202570'),
(245, 5, '88', 0, '1646202570', '1646202570'),
(246, 5, '87', 0, '1646202570', '1646202570'),
(247, 5, '86', 0, '1646202570', '1646202570'),
(248, 5, '85', 0, '1646202570', '1646202570'),
(249, 5, '84', 0, '1646202570', '1646202570'),
(250, 5, '83', 0, '1646202570', '1646202570'),
(251, 5, '82', 0, '1646202570', '1646202570'),
(252, 5, '81', 0, '1646202570', '1646202570'),
(253, 5, '80', 0, '1646202570', '1646202570'),
(254, 5, '79', 0, '1646202570', '1646202570'),
(255, 5, '78', 0, '1646202570', '1646202570'),
(256, 5, '77', 0, '1646202570', '1646202570'),
(257, 5, '76', 0, '1646202570', '1646202570'),
(258, 5, '75', 0, '1646202570', '1646202570'),
(259, 5, '74', 0, '1646202570', '1646202570'),
(260, 5, '73', 0, '1646202570', '1646202570'),
(261, 5, '72', 0, '1646202570', '1646202570'),
(263, 5, '71', 0, '1646202570', '1646202570'),
(264, 5, '70', 0, '1646202570', '1646202570'),
(267, 5, '69', 0, '1646202570', '1646202570'),
(269, 5, '68', 0, '1646202570', '1646202570'),
(270, 5, '67', 0, '1646202570', '1646202570'),
(271, 5, '66', 0, '1646202570', '1646202570'),
(272, 5, '65', 0, '1646202570', '1646202570'),
(273, 5, '64', 0, '1646202570', '1646202570'),
(274, 5, '63', 0, '1646202570', '1646202570'),
(275, 5, '62', 0, '1646202570', '1646202570'),
(276, 5, '61', 0, '1646202570', '1646202570'),
(277, 5, '60', 0, '1646202570', '1646202570'),
(278, 5, '59', 0, '1646202570', '1646202570'),
(279, 5, '58', 0, '1646202570', '1646202570'),
(280, 5, '57', 0, '1646202570', '1646202570'),
(281, 5, '56', 0, '1646202570', '1646202570'),
(282, 5, '55', 0, '1646202570', '1646202570'),
(283, 5, '54', 0, '1646202570', '1646202570'),
(284, 5, '53', 0, '1646202570', '1646202570'),
(285, 5, '52', 0, '1646202570', '1646202570'),
(286, 5, '51', 0, '1646202570', '1646202570'),
(287, 5, '50', 0, '1646202570', '1646202570'),
(288, 5, '49', 0, '1646202570', '1646202570'),
(289, 5, '48', 0, '1646202570', '1646202570'),
(290, 5, '47', 0, '1646202570', '1646202570'),
(291, 5, '46', 0, '1646202570', '1646202570'),
(292, 5, '45', 0, '1646202570', '1646202570'),
(293, 5, '44', 0, '1646202570', '1646202570'),
(294, 5, '43', 0, '1646202570', '1646202570'),
(295, 5, '42', 0, '1646202570', '1646202570'),
(296, 5, '41', 0, '1646202570', '1646202570'),
(297, 5, '40', 0, '1646202570', '1646202570'),
(298, 5, '39', 0, '1646202570', '1646202570'),
(299, 5, '38', 0, '1646202570', '1646202570'),
(300, 5, '37', 0, '1646202570', '1646202570'),
(301, 5, '36', 0, '1646202570', '1646202570'),
(302, 5, '35', 0, '1646202570', '1646202570'),
(303, 5, '34', 0, '1646202570', '1646202570'),
(304, 5, '33', 0, '1646202570', '1646202570'),
(305, 5, '32', 0, '1646202570', '1646202570'),
(306, 5, '31', 0, '1646202570', '1646202570'),
(307, 5, '30', 0, '1646202570', '1646202570'),
(308, 5, '29', 0, '1646202570', '1646202570'),
(309, 5, '28', 0, '1646202570', '1646202570'),
(310, 5, '27', 0, '1646202570', '1646202570'),
(311, 5, '26', 0, '1646202570', '1646202570'),
(312, 5, '25', 0, '1646202570', '1646202570'),
(313, 5, '24', 0, '1646202570', '1646202570'),
(314, 5, '23', 0, '1646202570', '1646202570'),
(315, 5, '22', 0, '1646202570', '1646202570'),
(316, 5, '21', 0, '1646202570', '1646202570'),
(317, 5, '20', 0, '1646202570', '1646202570'),
(318, 5, '19', 0, '1646202570', '1646202570'),
(319, 5, '18', 0, '1646202570', '1646202570'),
(320, 5, '17', 0, '1646202570', '1646202570'),
(321, 5, '16', 0, '1646202570', '1646202570'),
(322, 5, '15', 0, '1646202570', '1646202570'),
(323, 5, '14', 0, '1646202570', '1646202570'),
(324, 5, '13', 0, '1646202570', '1646202570'),
(325, 5, '12', 0, '1646202570', '1646202570'),
(326, 5, '11', 0, '1646202570', '1646202570'),
(327, 5, '10', 0, '1646202570', '1646202570'),
(328, 5, '9', 0, '1646202570', '1646202570'),
(329, 5, '8', 0, '1646202570', '1646202570'),
(330, 5, '7', 0, '1646202570', '1646202570'),
(331, 5, '6', 0, '1646202570', '1646202570'),
(332, 5, '5', 0, '1646202570', '1646202570'),
(333, 5, '4', 0, '1646202570', '1646202570'),
(334, 5, '3', 0, '1646202570', '1646202570'),
(335, 5, '2', 0, '1646202570', '1646202570'),
(336, 5, '1', 0, '1646202570', '1646202570'),
(337, 5, '0', 0, '1646202570', '1646202570'),
(342, 7, '768', 0, '1646202570', '1646202570'),
(343, 7, '767', 0, '1646202570', '1646202570'),
(344, 7, '766', 0, '1646202570', '1646202570'),
(345, 7, '765', 0, '1646202570', '1646202570'),
(346, 7, '764', 0, '1646202570', '1646202570'),
(347, 7, '763', 0, '1646202570', '1646202570'),
(348, 7, '762', 0, '1646202570', '1646202570'),
(349, 7, '761', 0, '1646202570', '1646202570'),
(350, 7, '760', 0, '1646202570', '1646202570'),
(351, 7, '759', 0, '1646202570', '1646202570'),
(352, 7, '758', 0, '1646202570', '1646202570'),
(353, 7, '757', 0, '1646202570', '1646202570'),
(354, 7, '756', 0, '1646202570', '1646202570'),
(355, 7, '755', 0, '1646202570', '1646202570'),
(356, 7, '754', 0, '1646202570', '1646202570'),
(357, 7, '753', 0, '1646202570', '1646202570'),
(358, 7, '752', 0, '1646202570', '1646202570'),
(359, 7, '751', 0, '1646202570', '1646202570'),
(360, 7, '750', 0, '1646202570', '1646202570'),
(361, 7, '749', 0, '1646202570', '1646202570'),
(362, 7, '748', 0, '1646202570', '1646202570'),
(363, 7, '747', 0, '1646202570', '1646202570'),
(364, 7, '746', 0, '1646202570', '1646202570'),
(365, 7, '745', 0, '1646202570', '1646202570'),
(366, 7, '744', 0, '1646202570', '1646202570'),
(367, 7, '743', 0, '1646202570', '1646202570'),
(368, 7, '742', 0, '1646202570', '1646202570'),
(369, 7, '741', 0, '1646202570', '1646202570'),
(370, 7, '740', 0, '1646202570', '1646202570'),
(371, 7, '739', 0, '1646202570', '1646202570'),
(372, 7, '738', 0, '1646202570', '1646202570'),
(373, 7, '737', 0, '1646202570', '1646202570'),
(374, 7, '736', 0, '1646202570', '1646202570'),
(375, 7, '735', 0, '1646202570', '1646202570'),
(376, 7, '734', 0, '1646202570', '1646202570'),
(377, 7, '733', 0, '1646202570', '1646202570'),
(378, 7, '732', 0, '1646202570', '1646202570'),
(379, 7, '731', 0, '1646202570', '1646202570'),
(380, 7, '730', 0, '1646202570', '1646202570'),
(381, 7, '729', 0, '1646202570', '1646202570'),
(382, 7, '728', 0, '1646202570', '1646202570'),
(383, 7, '727', 0, '1646202570', '1646202570'),
(384, 7, '726', 0, '1646202570', '1646202570'),
(385, 7, '725', 0, '1646202570', '1646202570'),
(386, 7, '724', 0, '1646202570', '1646202570'),
(387, 7, '723', 0, '1646202570', '1646202570'),
(388, 7, '722', 0, '1646202570', '1646202570'),
(389, 7, '721', 0, '1646202570', '1646202570'),
(390, 7, '720', 0, '1646202570', '1646202570'),
(391, 7, '719', 0, '1646202570', '1646202570'),
(392, 7, '718', 0, '1646202570', '1646202570'),
(393, 7, '717', 0, '1646202570', '1646202570'),
(394, 7, '716', 0, '1646202570', '1646202570'),
(395, 7, '715', 0, '1646202570', '1646202570'),
(396, 7, '714', 0, '1646202570', '1646202570'),
(397, 7, '713', 0, '1646202570', '1646202570'),
(398, 7, '712', 0, '1646202570', '1646202570'),
(399, 7, '711', 0, '1646202570', '1646202570'),
(400, 7, '710', 0, '1646202570', '1646202570'),
(401, 7, '709', 0, '1646202570', '1646202570'),
(402, 7, '708', 0, '1646202570', '1646202570'),
(403, 7, '707', 0, '1646202570', '1646202570'),
(404, 7, '706', 0, '1646202570', '1646202570'),
(405, 7, '705', 0, '1646202570', '1646202570'),
(406, 7, '704', 0, '1646202570', '1646202570'),
(407, 7, '703', 0, '1646202570', '1646202570'),
(408, 7, '702', 0, '1646202570', '1646202570'),
(409, 7, '701', 0, '1646202570', '1646202570'),
(410, 7, '700', 0, '1646202570', '1646202570'),
(411, 7, '699', 0, '1646202570', '1646202570'),
(412, 7, '698', 0, '1646202570', '1646202570'),
(413, 7, '697', 0, '1646202570', '1646202570'),
(414, 7, '696', 0, '1646202570', '1646202570'),
(415, 7, '695', 0, '1646202570', '1646202570'),
(416, 7, '694', 0, '1646202570', '1646202570'),
(417, 7, '693', 0, '1646202570', '1646202570'),
(418, 7, '692', 0, '1646202570', '1646202570'),
(419, 7, '691', 0, '1646202570', '1646202570'),
(420, 7, '690', 0, '1646202570', '1646202570'),
(421, 7, '689', 0, '1646202570', '1646202570'),
(422, 7, '688', 0, '1646202570', '1646202570'),
(423, 7, '687', 0, '1646202570', '1646202570'),
(424, 7, '686', 0, '1646202570', '1646202570'),
(425, 7, '685', 0, '1646202570', '1646202570'),
(426, 7, '685', 0, '1646202570', '1646202570'),
(427, 7, '684', 0, '1646202570', '1646202570'),
(428, 7, '684', 0, '1646202570', '1646202570'),
(429, 7, '683', 0, '1646202570', '1646202570'),
(430, 7, '682', 0, '1646202570', '1646202570'),
(431, 7, '681', 0, '1646202570', '1646202570'),
(432, 7, '680', 0, '1646202570', '1646202570'),
(433, 7, '679', 0, '1646202570', '1646202570'),
(434, 7, '678', 0, '1646202570', '1646202570'),
(435, 7, '677', 0, '1646202570', '1646202570'),
(436, 7, '676', 0, '1646202570', '1646202570'),
(437, 7, '675', 0, '1646202570', '1646202570'),
(438, 7, '674', 0, '1646202570', '1646202570'),
(439, 7, '673', 0, '1646202570', '1646202570'),
(440, 7, '672', 0, '1646202570', '1646202570'),
(441, 7, '671', 0, '1646202570', '1646202570'),
(442, 7, '670', 0, '1646202570', '1646202570'),
(443, 7, '669', 0, '1646202570', '1646202570'),
(444, 7, '668', 0, '1646202570', '1646202570'),
(445, 7, '667', 0, '1646202570', '1646202570'),
(446, 7, '666', 0, '1646202570', '1646202570'),
(447, 7, '665', 0, '1646202570', '1646202570'),
(448, 7, '664', 0, '1646202570', '1646202570'),
(449, 7, '663', 0, '1646202570', '1646202570'),
(450, 7, '662', 0, '1646202570', '1646202570'),
(451, 7, '661', 0, '1646202570', '1646202570'),
(452, 7, '660', 0, '1646202570', '1646202570'),
(453, 7, '659', 0, '1646202570', '1646202570'),
(454, 7, '658', 0, '1646202570', '1646202570'),
(455, 7, '657', 0, '1646202570', '1646202570'),
(456, 7, '656', 0, '1646202570', '1646202570'),
(457, 7, '655', 0, '1646202570', '1646202570'),
(458, 7, '654', 0, '1646202570', '1646202570'),
(459, 7, '653', 0, '1646202570', '1646202570'),
(460, 7, '652', 0, '1646202570', '1646202570'),
(461, 7, '651', 0, '1646202570', '1646202570'),
(462, 7, '650', 0, '1646202570', '1646202570'),
(463, 7, '649', 0, '1646202570', '1646202570'),
(464, 7, '648', 0, '1646202570', '1646202570'),
(465, 7, '647', 0, '1646202570', '1646202570'),
(466, 7, '646', 0, '1646202570', '1646202570'),
(467, 7, '645', 0, '1646202570', '1646202570'),
(468, 7, '644', 0, '1646202570', '1646202570'),
(469, 7, '643', 0, '1646202570', '1646202570'),
(470, 7, '642', 0, '1646202570', '1646202570'),
(471, 7, '641', 0, '1646202570', '1646202570'),
(472, 7, '640', 0, '1646202570', '1646202570'),
(473, 7, '639', 0, '1646202570', '1646202570'),
(474, 7, '638', 0, '1646202570', '1646202570'),
(475, 7, '637', 0, '1646202570', '1646202570'),
(476, 7, '636', 0, '1646202570', '1646202570'),
(477, 7, '635', 0, '1646202570', '1646202570'),
(478, 7, '634', 0, '1646202570', '1646202570'),
(479, 7, '633', 0, '1646202570', '1646202570'),
(480, 7, '632', 0, '1646202570', '1646202570'),
(481, 7, '631', 0, '1646202570', '1646202570'),
(482, 7, '630', 0, '1646202570', '1646202570'),
(483, 7, '629', 0, '1646202570', '1646202570'),
(484, 7, '628', 0, '1646202570', '1646202570'),
(485, 7, '627', 0, '1646202570', '1646202570'),
(486, 7, '626', 0, '1646202570', '1646202570'),
(487, 7, '625', 0, '1646202570', '1646202570'),
(488, 7, '624', 0, '1646202570', '1646202570'),
(489, 7, '623', 0, '1646202570', '1646202570'),
(490, 7, '622', 0, '1646202570', '1646202570'),
(491, 7, '621', 0, '1646202570', '1646202570'),
(492, 7, '620', 0, '1646202570', '1646202570'),
(493, 7, '619', 0, '1646202570', '1646202570'),
(494, 7, '618', 0, '1646202570', '1646202570'),
(495, 7, '617', 0, '1646202570', '1646202570'),
(496, 7, '616', 0, '1646202570', '1646202570'),
(497, 7, '615', 0, '1646202570', '1646202570'),
(498, 7, '614', 0, '1646202570', '1646202570'),
(499, 7, '613', 0, '1646202570', '1646202570'),
(500, 7, '612', 0, '1646202570', '1646202570'),
(501, 7, '611', 0, '1646202570', '1646202570'),
(502, 7, '610', 0, '1646202570', '1646202570'),
(503, 7, '609', 0, '1646202570', '1646202570'),
(504, 7, '608', 0, '1646202570', '1646202570'),
(505, 7, '607', 0, '1646202570', '1646202570'),
(506, 7, '606', 0, '1646202570', '1646202570'),
(507, 7, '605', 0, '1646202570', '1646202570'),
(508, 7, '604', 0, '1646202570', '1646202570'),
(509, 7, '603', 0, '1646202570', '1646202570'),
(510, 7, '602', 0, '1646202570', '1646202570'),
(511, 7, '601', 0, '1646202570', '1646202570'),
(512, 7, '600', 0, '1646202570', '1646202570'),
(513, 7, '599', 0, '1646202570', '1646202570'),
(514, 7, '598', 0, '1646202570', '1646202570'),
(515, 7, '597', 0, '1646202570', '1646202570'),
(516, 7, '596', 0, '1646202570', '1646202570'),
(517, 7, '595', 0, '1646202570', '1646202570'),
(518, 7, '594', 0, '1646202570', '1646202570'),
(519, 7, '593', 0, '1646202570', '1646202570'),
(520, 7, '592', 0, '1646202570', '1646202570'),
(521, 7, '591', 0, '1646202570', '1646202570'),
(522, 7, '590', 0, '1646202570', '1646202570'),
(523, 7, '589', 0, '1646202570', '1646202570'),
(524, 7, '588', 0, '1646202570', '1646202570'),
(525, 7, '587', 0, '1646202570', '1646202570'),
(526, 7, '586', 0, '1646202570', '1646202570'),
(527, 7, '585', 0, '1646202570', '1646202570'),
(528, 7, '584', 0, '1646202570', '1646202570'),
(529, 7, '583', 0, '1646202570', '1646202570'),
(530, 7, '582', 0, '1646202570', '1646202570'),
(531, 7, '581', 0, '1646202570', '1646202570'),
(532, 7, '580', 0, '1646202570', '1646202570'),
(533, 7, '579', 0, '1646202570', '1646202570'),
(534, 7, '578', 0, '1646202570', '1646202570'),
(535, 7, '577', 0, '1646202570', '1646202570'),
(536, 7, '576', 0, '1646202570', '1646202570'),
(537, 7, '575', 0, '1646202570', '1646202570'),
(538, 7, '574', 0, '1646202570', '1646202570'),
(539, 7, '573', 0, '1646202570', '1646202570'),
(540, 7, '572', 0, '1646202570', '1646202570'),
(541, 7, '571', 0, '1646202570', '1646202570'),
(542, 7, '570', 0, '1646202570', '1646202570'),
(543, 7, '569', 0, '1646202570', '1646202570'),
(544, 7, '568', 0, '1646202570', '1646202570'),
(545, 7, '567', 0, '1646202570', '1646202570'),
(546, 7, '566', 0, '1646202570', '1646202570'),
(547, 7, '565', 0, '1646202570', '1646202570'),
(548, 7, '564', 0, '1646202570', '1646202570'),
(549, 7, '563', 0, '1646202570', '1646202570'),
(550, 7, '562', 0, '1646202570', '1646202570'),
(551, 7, '561', 0, '1646202570', '1646202570'),
(552, 7, '560', 0, '1646202570', '1646202570'),
(553, 7, '559', 0, '1646202570', '1646202570'),
(554, 7, '558', 0, '1646202570', '1646202570'),
(555, 7, '557', 0, '1646202570', '1646202570'),
(556, 7, '556', 0, '1646202570', '1646202570'),
(557, 7, '555', 0, '1646202570', '1646202570'),
(558, 7, '554', 0, '1646202570', '1646202570'),
(559, 7, '553', 0, '1646202570', '1646202570'),
(560, 7, '552', 0, '1646202570', '1646202570'),
(561, 7, '551', 0, '1646202570', '1646202570'),
(562, 7, '550', 0, '1646202570', '1646202570'),
(563, 7, '549', 0, '1646202570', '1646202570'),
(564, 7, '548', 0, '1646202570', '1646202570'),
(565, 7, '547', 0, '1646202570', '1646202570'),
(566, 7, '546', 0, '1646202570', '1646202570'),
(567, 7, '545', 0, '1646202570', '1646202570'),
(568, 7, '544', 0, '1646202570', '1646202570'),
(569, 7, '543', 0, '1646202570', '1646202570'),
(570, 7, '542', 0, '1646202570', '1646202570'),
(571, 7, '541', 0, '1646202570', '1646202570'),
(572, 7, '540', 0, '1646202570', '1646202570'),
(573, 7, '539', 0, '1646202570', '1646202570'),
(574, 7, '538', 0, '1646202570', '1646202570'),
(575, 7, '537', 0, '1646202570', '1646202570'),
(576, 7, '536', 0, '1646202570', '1646202570'),
(577, 7, '535', 0, '1646202570', '1646202570'),
(578, 7, '534', 0, '1646202570', '1646202570'),
(579, 7, '533', 0, '1646202570', '1646202570'),
(580, 7, '532', 0, '1646202570', '1646202570'),
(581, 7, '531', 0, '1646202570', '1646202570'),
(582, 7, '530', 0, '1646202570', '1646202570'),
(583, 7, '529', 0, '1646202570', '1646202570'),
(584, 7, '528', 0, '1646202570', '1646202570'),
(585, 7, '527', 0, '1646202570', '1646202570'),
(586, 7, '526', 0, '1646202570', '1646202570'),
(587, 7, '525', 0, '1646202570', '1646202570'),
(588, 7, '524', 0, '1646202570', '1646202570'),
(589, 7, '523', 0, '1646202570', '1646202570'),
(590, 7, '522', 0, '1646202570', '1646202570'),
(591, 7, '521', 0, '1646202570', '1646202570'),
(592, 7, '520', 0, '1646202570', '1646202570'),
(593, 7, '519', 0, '1646202570', '1646202570'),
(594, 7, '518', 0, '1646202570', '1646202570'),
(595, 7, '517', 0, '1646202570', '1646202570'),
(596, 7, '516', 0, '1646202570', '1646202570'),
(597, 7, '515', 0, '1646202570', '1646202570'),
(598, 7, '514', 0, '1646202570', '1646202570'),
(599, 7, '513', 0, '1646202570', '1646202570'),
(600, 7, '512', 0, '1646202570', '1646202570'),
(601, 7, '511', 0, '1646202570', '1646202570'),
(602, 7, '510', 0, '1646202570', '1646202570'),
(603, 7, '509', 0, '1646202570', '1646202570'),
(604, 7, '508', 0, '1646202570', '1646202570'),
(605, 7, '507', 0, '1646202570', '1646202570'),
(606, 7, '506', 0, '1646202570', '1646202570'),
(607, 7, '505', 0, '1646202570', '1646202570'),
(608, 7, '504', 0, '1646202570', '1646202570'),
(609, 7, '503', 0, '1646202570', '1646202570'),
(610, 7, '502', 0, '1646202570', '1646202570'),
(611, 7, '501', 0, '1646202570', '1646202570'),
(612, 7, '500', 0, '1646202570', '1646202570'),
(613, 7, '499', 0, '1646202570', '1646202570'),
(614, 7, '498', 0, '1646202570', '1646202570'),
(615, 7, '497', 0, '1646202570', '1646202570'),
(616, 7, '496', 0, '1646202570', '1646202570'),
(617, 7, '495', 0, '1646202570', '1646202570'),
(618, 7, '494', 0, '1646202570', '1646202570'),
(619, 7, '493', 0, '1646202570', '1646202570'),
(620, 7, '492', 0, '1646202570', '1646202570'),
(621, 7, '491', 0, '1646202570', '1646202570'),
(622, 7, '490', 0, '1646202570', '1646202570'),
(623, 7, '489', 0, '1646202570', '1646202570'),
(624, 7, '488', 0, '1646202570', '1646202570'),
(625, 7, '487', 0, '1646202570', '1646202570'),
(626, 7, '486', 0, '1646202570', '1646202570'),
(627, 7, '485', 0, '1646202570', '1646202570'),
(628, 7, '484', 0, '1646202570', '1646202570'),
(629, 7, '483', 0, '1646202570', '1646202570'),
(630, 7, '482', 0, '1646202570', '1646202570'),
(631, 7, '481', 0, '1646202570', '1646202570'),
(632, 7, '480', 0, '1646202570', '1646202570'),
(633, 7, '479', 0, '1646202570', '1646202570'),
(634, 7, '478', 0, '1646202570', '1646202570'),
(635, 7, '477', 0, '1646202570', '1646202570'),
(636, 7, '476', 0, '1646202570', '1646202570'),
(637, 7, '475', 0, '1646202570', '1646202570'),
(638, 7, '474', 0, '1646202570', '1646202570'),
(639, 7, '473', 0, '1646202570', '1646202570'),
(640, 7, '472', 0, '1646202570', '1646202570'),
(641, 7, '471', 0, '1646202570', '1646202570'),
(642, 7, '470', 0, '1646202570', '1646202570'),
(643, 7, '469', 0, '1646202570', '1646202570'),
(644, 7, '468', 0, '1646202570', '1646202570'),
(645, 7, '467', 0, '1646202570', '1646202570'),
(646, 7, '466', 0, '1646202570', '1646202570'),
(647, 7, '465', 0, '1646202570', '1646202570'),
(648, 7, '464', 0, '1646202570', '1646202570'),
(649, 7, '463', 0, '1646202570', '1646202570'),
(650, 7, '462', 0, '1646202570', '1646202570'),
(651, 7, '461', 0, '1646202570', '1646202570'),
(652, 7, '460', 0, '1646202570', '1646202570'),
(653, 7, '459', 0, '1646202570', '1646202570'),
(654, 7, '458', 0, '1646202570', '1646202570'),
(655, 7, '457', 0, '1646202570', '1646202570'),
(656, 7, '456', 0, '1646202570', '1646202570'),
(657, 7, '455', 0, '1646202570', '1646202570'),
(658, 7, '454', 0, '1646202570', '1646202570'),
(659, 7, '453', 0, '1646202570', '1646202570'),
(660, 7, '452', 0, '1646202570', '1646202570'),
(661, 7, '451', 0, '1646202570', '1646202570'),
(662, 7, '450', 0, '1646202570', '1646202570'),
(663, 7, '449', 0, '1646202570', '1646202570'),
(664, 7, '448', 0, '1646202570', '1646202570'),
(665, 7, '447', 0, '1646202570', '1646202570'),
(666, 7, '446', 0, '1646202570', '1646202570'),
(667, 7, '445', 0, '1646202570', '1646202570'),
(668, 7, '444', 0, '1646202570', '1646202570'),
(669, 7, '443', 0, '1646202570', '1646202570'),
(670, 7, '442', 0, '1646202570', '1646202570'),
(671, 7, '441', 0, '1646202570', '1646202570'),
(672, 7, '440', 0, '1646202570', '1646202570'),
(673, 7, '439', 0, '1646202570', '1646202570'),
(674, 7, '438', 0, '1646202570', '1646202570'),
(675, 7, '437', 0, '1646202570', '1646202570'),
(676, 7, '436', 0, '1646202570', '1646202570'),
(677, 7, '435', 0, '1646202570', '1646202570'),
(678, 7, '434', 0, '1646202570', '1646202570'),
(679, 7, '433', 0, '1646202570', '1646202570'),
(680, 7, '432', 0, '1646202570', '1646202570'),
(681, 7, '431', 0, '1646202570', '1646202570'),
(682, 7, '430', 0, '1646202570', '1646202570'),
(683, 7, '429', 0, '1646202570', '1646202570'),
(684, 7, '428', 0, '1646202570', '1646202570'),
(685, 7, '427', 0, '1646202570', '1646202570'),
(686, 7, '426', 0, '1646202570', '1646202570'),
(687, 7, '425', 0, '1646202570', '1646202570'),
(688, 7, '424', 0, '1646202570', '1646202570'),
(689, 7, '423', 0, '1646202570', '1646202570'),
(690, 7, '422', 0, '1646202570', '1646202570'),
(691, 7, '421', 0, '1646202570', '1646202570'),
(692, 7, '420', 0, '1646202570', '1646202570'),
(693, 7, '419', 0, '1646202570', '1646202570'),
(694, 7, '418', 0, '1646202570', '1646202570'),
(695, 7, '417', 0, '1646202570', '1646202570'),
(696, 7, '416', 0, '1646202570', '1646202570'),
(697, 7, '415', 0, '1646202570', '1646202570'),
(698, 7, '414', 0, '1646202570', '1646202570'),
(699, 7, '413', 0, '1646202570', '1646202570'),
(700, 7, '412', 0, '1646202570', '1646202570'),
(701, 7, '411', 0, '1646202570', '1646202570'),
(702, 7, '410', 0, '1646202570', '1646202570'),
(703, 7, '409', 0, '1646202570', '1646202570'),
(704, 7, '408', 0, '1646202570', '1646202570'),
(705, 7, '407', 0, '1646202570', '1646202570'),
(706, 7, '406', 0, '1646202570', '1646202570'),
(707, 7, '405', 0, '1646202570', '1646202570'),
(708, 7, '404', 0, '1646202570', '1646202570'),
(709, 7, '403', 0, '1646202570', '1646202570'),
(710, 7, '402', 0, '1646202570', '1646202570'),
(711, 7, '401', 0, '1646202570', '1646202570'),
(712, 7, '400', 0, '1646202570', '1646202570'),
(713, 7, '399', 0, '1646202570', '1646202570'),
(714, 7, '398', 0, '1646202570', '1646202570'),
(715, 7, '397', 0, '1646202570', '1646202570'),
(716, 7, '396', 0, '1646202570', '1646202570'),
(717, 7, '395', 0, '1646202570', '1646202570'),
(718, 7, '394', 0, '1646202570', '1646202570'),
(719, 7, '393', 0, '1646202570', '1646202570'),
(720, 7, '392', 0, '1646202570', '1646202570'),
(721, 7, '391', 0, '1646202570', '1646202570'),
(722, 7, '390', 0, '1646202570', '1646202570'),
(723, 7, '389', 0, '1646202570', '1646202570'),
(724, 7, '388', 0, '1646202570', '1646202570'),
(725, 7, '387', 0, '1646202570', '1646202570'),
(726, 7, '386', 0, '1646202570', '1646202570'),
(727, 7, '385', 0, '1646202570', '1646202570'),
(728, 7, '384', 0, '1646202570', '1646202570'),
(729, 7, '383', 0, '1646202570', '1646202570'),
(730, 7, '382', 0, '1646202570', '1646202570'),
(731, 7, '381', 0, '1646202570', '1646202570'),
(732, 7, '380', 0, '1646202570', '1646202570'),
(733, 7, '379', 0, '1646202570', '1646202570'),
(734, 7, '378', 0, '1646202570', '1646202570'),
(735, 7, '377', 0, '1646202570', '1646202570'),
(736, 7, '376', 0, '1646202570', '1646202570'),
(737, 7, '375', 0, '1646202570', '1646202570'),
(738, 7, '374', 0, '1646202570', '1646202570'),
(739, 7, '373', 0, '1646202570', '1646202570'),
(740, 7, '372', 0, '1646202570', '1646202570'),
(741, 7, '371', 0, '1646202570', '1646202570'),
(742, 7, '370', 0, '1646202570', '1646202570'),
(743, 7, '369', 0, '1646202570', '1646202570'),
(744, 7, '368', 0, '1646202570', '1646202570'),
(745, 7, '367', 0, '1646202570', '1646202570'),
(746, 7, '366', 0, '1646202570', '1646202570'),
(747, 7, '365', 0, '1646202570', '1646202570'),
(748, 7, '364', 0, '1646202570', '1646202570'),
(749, 7, '363', 0, '1646202570', '1646202570'),
(750, 7, '362', 0, '1646202570', '1646202570'),
(751, 7, '361', 0, '1646202570', '1646202570'),
(752, 7, '360', 0, '1646202570', '1646202570'),
(753, 7, '359', 0, '1646202570', '1646202570'),
(754, 7, '358', 0, '1646202570', '1646202570'),
(755, 7, '357', 0, '1646202570', '1646202570'),
(756, 7, '356', 0, '1646202570', '1646202570'),
(757, 7, '355', 0, '1646202570', '1646202570'),
(758, 7, '354', 0, '1646202570', '1646202570'),
(759, 7, '353', 0, '1646202570', '1646202570'),
(760, 7, '352', 0, '1646202570', '1646202570'),
(761, 7, '351', 0, '1646202570', '1646202570'),
(762, 7, '350', 0, '1646202570', '1646202570'),
(763, 7, '349', 0, '1646202570', '1646202570'),
(764, 7, '348', 0, '1646202570', '1646202570'),
(765, 7, '347', 0, '1646202570', '1646202570'),
(766, 7, '346', 0, '1646202570', '1646202570'),
(767, 7, '345', 0, '1646202570', '1646202570'),
(768, 7, '344', 0, '1646202570', '1646202570'),
(769, 7, '343', 0, '1646202570', '1646202570'),
(770, 7, '342', 0, '1646202570', '1646202570'),
(771, 7, '341', 0, '1646202570', '1646202570'),
(772, 7, '340', 0, '1646202570', '1646202570'),
(773, 7, '339', 0, '1646202570', '1646202570'),
(774, 7, '338', 0, '1646202570', '1646202570'),
(775, 7, '337', 0, '1646202570', '1646202570'),
(776, 7, '336', 0, '1646202570', '1646202570'),
(777, 7, '335', 0, '1646202570', '1646202570'),
(778, 7, '334', 0, '1646202570', '1646202570'),
(779, 7, '333', 0, '1646202570', '1646202570'),
(780, 7, '332', 0, '1646202570', '1646202570'),
(781, 7, '331', 0, '1646202570', '1646202570'),
(782, 7, '330', 0, '1646202570', '1646202570'),
(783, 7, '329', 0, '1646202570', '1646202570'),
(784, 7, '328', 0, '1646202570', '1646202570'),
(785, 7, '327', 0, '1646202570', '1646202570'),
(786, 7, '326', 0, '1646202570', '1646202570'),
(787, 7, '325', 0, '1646202570', '1646202570'),
(788, 7, '324', 0, '1646202570', '1646202570'),
(789, 7, '323', 0, '1646202570', '1646202570'),
(790, 7, '322', 0, '1646202570', '1646202570'),
(791, 7, '321', 0, '1646202570', '1646202570'),
(792, 7, '320', 0, '1646202570', '1646202570'),
(793, 7, '319', 0, '1646202570', '1646202570'),
(794, 7, '318', 0, '1646202570', '1646202570'),
(795, 7, '317', 0, '1646202570', '1646202570'),
(796, 7, '316', 0, '1646202570', '1646202570'),
(797, 7, '315', 0, '1646202570', '1646202570'),
(798, 7, '314', 0, '1646202570', '1646202570'),
(799, 7, '313', 0, '1646202570', '1646202570'),
(800, 7, '312', 0, '1646202570', '1646202570'),
(801, 7, '311', 0, '1646202570', '1646202570'),
(802, 7, '310', 0, '1646202570', '1646202570'),
(803, 7, '309', 0, '1646202570', '1646202570'),
(804, 7, '308', 0, '1646202570', '1646202570'),
(805, 7, '307', 0, '1646202570', '1646202570'),
(806, 7, '306', 0, '1646202570', '1646202570'),
(807, 7, '305', 0, '1646202570', '1646202570'),
(808, 7, '304', 0, '1646202570', '1646202570'),
(809, 7, '303', 0, '1646202570', '1646202570'),
(810, 7, '302', 0, '1646202570', '1646202570'),
(811, 7, '301', 0, '1646202570', '1646202570'),
(812, 7, '300', 0, '1646202570', '1646202570'),
(813, 7, '299', 0, '1646202570', '1646202570'),
(814, 7, '298', 0, '1646202570', '1646202570'),
(815, 7, '297', 0, '1646202570', '1646202570'),
(816, 7, '296', 0, '1646202570', '1646202570'),
(817, 7, '295', 0, '1646202570', '1646202570'),
(818, 7, '294', 0, '1646202570', '1646202570'),
(819, 7, '293', 0, '1646202570', '1646202570'),
(820, 7, '292', 0, '1646202570', '1646202570'),
(821, 7, '291', 0, '1646202570', '1646202570'),
(822, 7, '290', 0, '1646202570', '1646202570'),
(823, 7, '289', 0, '1646202570', '1646202570'),
(824, 7, '288', 0, '1646202570', '1646202570'),
(825, 7, '287', 0, '1646202570', '1646202570'),
(826, 7, '286', 0, '1646202570', '1646202570'),
(827, 7, '285', 0, '1646202570', '1646202570'),
(828, 7, '284', 0, '1646202570', '1646202570'),
(829, 7, '283', 0, '1646202570', '1646202570'),
(830, 7, '282', 0, '1646202570', '1646202570'),
(831, 7, '281', 0, '1646202570', '1646202570'),
(832, 7, '280', 0, '1646202570', '1646202570'),
(833, 7, '279', 0, '1646202570', '1646202570'),
(834, 7, '278', 0, '1646202570', '1646202570'),
(835, 7, '277', 0, '1646202570', '1646202570'),
(836, 7, '276', 0, '1646202570', '1646202570'),
(837, 7, '275', 0, '1646202570', '1646202570'),
(838, 7, '274', 0, '1646202570', '1646202570'),
(839, 7, '273', 0, '1646202570', '1646202570'),
(840, 7, '272', 0, '1646202570', '1646202570'),
(841, 7, '271', 0, '1646202570', '1646202570'),
(842, 7, '270', 0, '1646202570', '1646202570'),
(843, 7, '269', 0, '1646202570', '1646202570'),
(844, 7, '268', 0, '1646202570', '1646202570'),
(845, 7, '267', 0, '1646202570', '1646202570'),
(846, 7, '266', 0, '1646202570', '1646202570'),
(847, 7, '265', 0, '1646202570', '1646202570'),
(848, 7, '264', 0, '1646202570', '1646202570'),
(849, 7, '263', 0, '1646202570', '1646202570'),
(850, 7, '262', 0, '1646202570', '1646202570'),
(851, 7, '261', 0, '1646202570', '1646202570'),
(852, 7, '260', 0, '1646202570', '1646202570'),
(853, 7, '259', 0, '1646202570', '1646202570'),
(854, 7, '258', 0, '1646202570', '1646202570'),
(855, 7, '257', 0, '1646202570', '1646202570'),
(856, 7, '256', 0, '1646202570', '1646202570'),
(857, 7, '255', 0, '1646202570', '1646202570'),
(858, 7, '254', 0, '1646202570', '1646202570'),
(859, 7, '253', 0, '1646202570', '1646202570'),
(860, 7, '252', 0, '1646202570', '1646202570'),
(861, 7, '251', 0, '1646202570', '1646202570'),
(862, 7, '250', 0, '1646202570', '1646202570'),
(863, 7, '249', 0, '1646202570', '1646202570'),
(864, 7, '248', 0, '1646202570', '1646202570'),
(865, 7, '247', 0, '1646202570', '1646202570'),
(866, 7, '246', 0, '1646202570', '1646202570'),
(867, 7, '245', 0, '1646202570', '1646202570'),
(868, 7, '244', 0, '1646202570', '1646202570'),
(869, 7, '243', 0, '1646202570', '1646202570'),
(870, 7, '242', 0, '1646202570', '1646202570'),
(871, 7, '241', 0, '1646202570', '1646202570'),
(872, 7, '240', 0, '1646202570', '1646202570'),
(873, 7, '239', 0, '1646202570', '1646202570'),
(874, 7, '238', 0, '1646202570', '1646202570'),
(875, 7, '237', 0, '1646202570', '1646202570'),
(876, 7, '236', 0, '1646202570', '1646202570'),
(877, 7, '235', 0, '1646202570', '1646202570'),
(878, 7, '234', 0, '1646202570', '1646202570'),
(879, 7, '233', 0, '1646202570', '1646202570'),
(880, 7, '232', 0, '1646202570', '1646202570'),
(881, 7, '231', 0, '1646202570', '1646202570'),
(882, 7, '230', 0, '1646202570', '1646202570'),
(883, 7, '229', 0, '1646202570', '1646202570'),
(884, 7, '228', 0, '1646202570', '1646202570'),
(885, 7, '227', 0, '1646202570', '1646202570'),
(886, 7, '226', 0, '1646202570', '1646202570'),
(887, 7, '225', 0, '1646202570', '1646202570'),
(888, 7, '224', 0, '1646202570', '1646202570'),
(889, 7, '223', 0, '1646202570', '1646202570'),
(890, 7, '222', 0, '1646202570', '1646202570'),
(891, 7, '221', 0, '1646202570', '1646202570'),
(892, 7, '220', 0, '1646202570', '1646202570'),
(893, 7, '219', 0, '1646202570', '1646202570'),
(894, 7, '218', 0, '1646202570', '1646202570'),
(895, 7, '217', 0, '1646202570', '1646202570'),
(896, 7, '216', 0, '1646202570', '1646202570'),
(897, 7, '215', 0, '1646202570', '1646202570'),
(898, 7, '214', 0, '1646202570', '1646202570'),
(899, 7, '213', 0, '1646202570', '1646202570'),
(900, 7, '212', 0, '1646202570', '1646202570'),
(901, 7, '211', 0, '1646202570', '1646202570'),
(902, 7, '210', 0, '1646202570', '1646202570'),
(903, 7, '209', 0, '1646202570', '1646202570'),
(904, 7, '208', 0, '1646202570', '1646202570'),
(905, 7, '207', 0, '1646202570', '1646202570'),
(906, 7, '206', 0, '1646202570', '1646202570'),
(907, 7, '205', 0, '1646202570', '1646202570'),
(908, 7, '204', 0, '1646202570', '1646202570'),
(909, 7, '203', 0, '1646202570', '1646202570'),
(910, 7, '202', 0, '1646202570', '1646202570'),
(911, 7, '201', 0, '1646202570', '1646202570'),
(912, 7, '200', 0, '1646202570', '1646202570'),
(913, 7, '199', 0, '1646202570', '1646202570'),
(914, 7, '198', 0, '1646202570', '1646202570'),
(915, 7, '197', 0, '1646202570', '1646202570'),
(916, 7, '196', 0, '1646202570', '1646202570'),
(917, 7, '195', 0, '1646202570', '1646202570'),
(918, 7, '194', 0, '1646202570', '1646202570'),
(919, 7, '193', 0, '1646202570', '1646202570'),
(920, 7, '192', 0, '1646202570', '1646202570'),
(921, 7, '191', 0, '1646202570', '1646202570'),
(922, 7, '190', 0, '1646202570', '1646202570'),
(923, 7, '189', 0, '1646202570', '1646202570'),
(924, 7, '188', 0, '1646202570', '1646202570'),
(925, 7, '187', 0, '1646202570', '1646202570'),
(926, 7, '186', 0, '1646202570', '1646202570'),
(927, 7, '185', 0, '1646202570', '1646202570'),
(928, 7, '184', 0, '1646202570', '1646202570'),
(929, 7, '183', 0, '1646202570', '1646202570'),
(930, 7, '182', 0, '1646202570', '1646202570'),
(931, 7, '181', 0, '1646202570', '1646202570'),
(932, 7, '180', 0, '1646202570', '1646202570'),
(933, 7, '179', 0, '1646202570', '1646202570'),
(934, 7, '178', 0, '1646202570', '1646202570'),
(935, 7, '177', 0, '1646202570', '1646202570'),
(936, 7, '176', 0, '1646202570', '1646202570'),
(937, 7, '175', 0, '1646202570', '1646202570'),
(938, 7, '174', 0, '1646202570', '1646202570'),
(939, 7, '173', 0, '1646202570', '1646202570'),
(940, 7, '172', 0, '1646202570', '1646202570'),
(941, 7, '171', 0, '1646202570', '1646202570'),
(942, 7, '170', 0, '1646202570', '1646202570'),
(943, 7, '169', 0, '1646202570', '1646202570'),
(944, 7, '168', 0, '1646202570', '1646202570'),
(945, 7, '167', 0, '1646202570', '1646202570'),
(946, 7, '166', 0, '1646202570', '1646202570'),
(947, 7, '165', 0, '1646202570', '1646202570'),
(948, 7, '164', 0, '1646202570', '1646202570'),
(949, 7, '163', 0, '1646202570', '1646202570'),
(950, 7, '162', 0, '1646202570', '1646202570'),
(951, 7, '161', 0, '1646202570', '1646202570'),
(952, 7, '160', 0, '1646202570', '1646202570'),
(953, 7, '159', 0, '1646202570', '1646202570'),
(954, 7, '158', 0, '1646202570', '1646202570'),
(955, 7, '157', 0, '1646202570', '1646202570'),
(956, 7, '156', 0, '1646202570', '1646202570'),
(957, 7, '155', 0, '1646202570', '1646202570'),
(958, 7, '154', 0, '1646202570', '1646202570'),
(959, 7, '153', 0, '1646202570', '1646202570'),
(960, 7, '152', 0, '1646202570', '1646202570'),
(961, 7, '151', 0, '1646202570', '1646202570'),
(962, 7, '150', 0, '1646202570', '1646202570'),
(963, 7, '149', 0, '1646202570', '1646202570'),
(964, 7, '148', 0, '1646202570', '1646202570'),
(965, 7, '147', 0, '1646202570', '1646202570'),
(966, 7, '146', 0, '1646202570', '1646202570'),
(967, 7, '145', 0, '1646202570', '1646202570'),
(968, 7, '144', 0, '1646202570', '1646202570'),
(969, 7, '143', 0, '1646202570', '1646202570'),
(970, 7, '142', 0, '1646202570', '1646202570'),
(971, 7, '141', 0, '1646202570', '1646202570'),
(972, 7, '140', 0, '1646202570', '1646202570'),
(973, 7, '139', 0, '1646202570', '1646202570'),
(974, 7, '138', 0, '1646202570', '1646202570'),
(975, 7, '137', 0, '1646202570', '1646202570'),
(976, 7, '136', 0, '1646202570', '1646202570'),
(977, 7, '135', 0, '1646202570', '1646202570'),
(978, 7, '134', 0, '1646202570', '1646202570'),
(979, 7, '133', 0, '1646202570', '1646202570'),
(980, 7, '132', 0, '1646202570', '1646202570'),
(981, 7, '131', 0, '1646202570', '1646202570'),
(982, 7, '130', 0, '1646202570', '1646202570'),
(983, 7, '129', 0, '1646202570', '1646202570'),
(984, 7, '128', 0, '1646202570', '1646202570'),
(985, 7, '127', 0, '1646202570', '1646202570'),
(986, 7, '126', 0, '1646202570', '1646202570'),
(987, 7, '125', 0, '1646202570', '1646202570'),
(988, 7, '124', 0, '1646202570', '1646202570'),
(989, 7, '123', 0, '1646202570', '1646202570'),
(990, 7, '122', 0, '1646202570', '1646202570'),
(991, 7, '121', 0, '1646202570', '1646202570'),
(992, 7, '120', 0, '1646202570', '1646202570'),
(993, 7, '119', 0, '1646202570', '1646202570'),
(994, 7, '118', 0, '1646202570', '1646202570'),
(995, 7, '117', 0, '1646202570', '1646202570'),
(996, 7, '116', 0, '1646202570', '1646202570'),
(997, 7, '115', 0, '1646202570', '1646202570'),
(998, 7, '114', 0, '1646202570', '1646202570'),
(999, 7, '113', 0, '1646202570', '1646202570'),
(1000, 7, '112', 0, '1646202570', '1646202570'),
(1005, 6, '95', 1, '1646202570', '1646202570'),
(1006, 6, '95', 0, '1646202570', '1646202570'),
(1007, 6, '94', 0, '1646202570', '1646202570'),
(1008, 6, '93', 0, '1646202570', '1646202570'),
(1009, 6, '9x - SS2 Begin', 0, '1646202570', '1646202570'),
(1010, 6, '91 Complete SS1', 0, '1646202570', '1646202570'),
(1011, 6, '90', 0, '1646202570', '1646202570'),
(1012, 6, '89', 0, '1646202570', '1646202570'),
(1013, 6, '88', 0, '1646202570', '1646202570'),
(1014, 6, '87', 0, '1646202570', '1646202570'),
(1015, 6, '86', 0, '1646202570', '1646202570'),
(1016, 6, '85', 0, '1646202570', '1646202570'),
(1017, 6, '84', 0, '1646202570', '1646202570'),
(1018, 6, '83', 0, '1646202570', '1646202570'),
(1019, 6, '82', 0, '1646202570', '1646202570'),
(1020, 6, '81', 0, '1646202570', '1646202570'),
(1021, 6, '80', 0, '1646202570', '1646202570'),
(1022, 6, '79', 0, '1646202570', '1646202570'),
(1023, 6, '78', 0, '1646202570', '1646202570'),
(1024, 6, '77', 0, '1646202570', '1646202570'),
(1025, 6, '76', 0, '1646202570', '1646202570'),
(1026, 6, '75', 0, '1646202570', '1646202570'),
(1027, 6, '74', 0, '1646202570', '1646202570'),
(1028, 6, '73', 0, '1646202570', '1646202570'),
(1029, 6, '72', 0, '1646202570', '1646202570'),
(1030, 6, '71', 0, '1646202570', '1646202570'),
(1031, 6, '70', 0, '1646202570', '1646202570'),
(1032, 6, '69', 0, '1646202570', '1646202570'),
(1033, 6, '68', 0, '1646202570', '1646202570'),
(1034, 6, '67', 0, '1646202570', '1646202570'),
(1035, 6, '66', 0, '1646202570', '1646202570'),
(1036, 6, '65', 0, '1646202570', '1646202570'),
(1037, 6, '64', 0, '1646202570', '1646202570'),
(1038, 6, '63', 0, '1646202570', '1646202570'),
(1039, 6, '62', 0, '1646202570', '1646202570'),
(1040, 6, '61', 0, '1646202570', '1646202570'),
(1041, 6, '60', 0, '1646202570', '1646202570'),
(1042, 6, '59', 0, '1646202570', '1646202570'),
(1043, 6, '58', 0, '1646202570', '1646202570'),
(1044, 6, '57', 0, '1646202570', '1646202570'),
(1045, 6, '56', 0, '1646202570', '1646202570'),
(1046, 6, '55', 0, '1646202570', '1646202570'),
(1047, 6, '54', 0, '1646202570', '1646202570'),
(1048, 6, '53', 0, '1646202570', '1646202570'),
(1049, 6, '52', 0, '1646202570', '1646202570'),
(1050, 6, '51', 0, '1646202570', '1646202570'),
(1051, 6, '50', 0, '1646202570', '1646202570'),
(1052, 6, '49', 0, '1646202570', '1646202570'),
(1053, 6, '48', 0, '1646202570', '1646202570'),
(1054, 6, '47', 0, '1646202570', '1646202570'),
(1055, 6, '46', 0, '1646202570', '1646202570'),
(1056, 6, '45', 0, '1646202570', '1646202570'),
(1057, 6, '44', 0, '1646202570', '1646202570'),
(1058, 6, '43', 0, '1646202570', '1646202570'),
(1059, 6, '42', 0, '1646202570', '1646202570'),
(1060, 6, '41', 0, '1646202570', '1646202570'),
(1061, 6, '40', 0, '1646202570', '1646202570'),
(1062, 6, '39', 0, '1646202570', '1646202570'),
(1063, 6, '38', 0, '1646202570', '1646202570'),
(1064, 6, '37', 0, '1646202570', '1646202570'),
(1065, 6, '36', 0, '1646202570', '1646202570'),
(1066, 6, '35', 0, '1646202570', '1646202570'),
(1067, 6, '34', 0, '1646202570', '1646202570'),
(1068, 6, '33', 0, '1646202570', '1646202570'),
(1069, 6, '32', 0, '1646202570', '1646202570'),
(1070, 6, '31', 0, '1646202570', '1646202570'),
(1071, 6, '30', 0, '1646202570', '1646202570'),
(1072, 6, '29', 0, '1646202570', '1646202570'),
(1073, 6, '28', 0, '1646202570', '1646202570'),
(1074, 6, '27', 0, '1646202570', '1646202570'),
(1075, 6, '26', 0, '1646202570', '1646202570'),
(1076, 6, '25', 0, '1646202570', '1646202570'),
(1077, 6, '24', 0, '1646202570', '1646202570'),
(1078, 6, '23', 0, '1646202570', '1646202570'),
(1079, 6, '22', 0, '1646202570', '1646202570'),
(1080, 6, '21', 0, '1646202570', '1646202570'),
(1081, 6, '20', 0, '1646202570', '1646202570'),
(1082, 6, '19', 0, '1646202570', '1646202570'),
(1083, 6, '18', 0, '1646202570', '1646202570'),
(1084, 6, '17', 0, '1646202570', '1646202570'),
(1085, 6, '16', 0, '1646202570', '1646202570'),
(1086, 6, '15', 0, '1646202570', '1646202570'),
(1087, 6, '14', 0, '1646202570', '1646202570'),
(1088, 6, '13', 0, '1646202570', '1646202570'),
(1089, 6, '12', 0, '1646202570', '1646202570'),
(1090, 6, '11', 0, '1646202570', '1646202570'),
(1091, 6, '10', 0, '1646202570', '1646202570'),
(1092, 6, '9', 0, '1646202570', '1646202570'),
(1093, 6, '8', 0, '1646202570', '1646202570'),
(1094, 6, '7', 0, '1646202570', '1646202570'),
(1095, 6, '6', 0, '1646202570', '1646202570'),
(1096, 6, '5', 0, '1646202570', '1646202570'),
(1097, 6, '4', 0, '1646202570', '1646202570'),
(1098, 6, '3', 0, '1646202570', '1646202570'),
(1099, 6, '2', 0, '1646202570', '1646202570'),
(1100, 6, '1', 0, '1646202570', '1646202570'),
(1101, 2, '87', 9, '1646202570', '1646202570'),
(1102, 2, '86', 2, '1646202570', '1646202570'),
(1103, 2, '85.2', 3, '1646202570', '1646202570'),
(1104, 2, '85.1', 0, '1646202570', '1646202570'),
(1105, 2, '84.2', 0, '1646202570', '1646202570'),
(1106, 2, '84.1', 0, '1646202570', '1646202570');
INSERT INTO `chapter` (`id`, `id_manga`, `chapter`, `view`, `create_time`, `modify_time`) VALUES
(1107, 2, '84', 0, '1646202570', '1646202570'),
(1108, 2, '83', 0, '1646202570', '1646202570'),
(1109, 2, '82', 0, '1646202570', '1646202570'),
(1110, 2, '81', 0, '1646202570', '1646202570'),
(1111, 2, '80', 0, '1646202570', '1646202570'),
(1112, 2, '79', 0, '1646202570', '1646202570'),
(1113, 2, '78', 0, '1646202570', '1646202570'),
(1114, 2, '77', 0, '1646202570', '1646202570'),
(1115, 2, '76', 0, '1646202570', '1646202570'),
(1116, 2, '75', 0, '1646202570', '1646202570'),
(1117, 2, '74', 0, '1646202570', '1646202570'),
(1118, 2, '73', 0, '1646202570', '1646202570'),
(1119, 2, '72', 0, '1646202570', '1646202570'),
(1120, 2, '71', 0, '1646202570', '1646202570'),
(1121, 2, '70', 0, '1646202570', '1646202570'),
(1122, 2, '69', 0, '1646202570', '1646202570'),
(1123, 2, '68', 0, '1646202570', '1646202570'),
(1124, 2, '67', 0, '1646202570', '1646202570'),
(1125, 2, '66', 0, '1646202570', '1646202570'),
(1126, 2, '65.6', 0, '1646202570', '1646202570'),
(1127, 2, '65.5', 0, '1646202570', '1646202570'),
(1128, 2, '65', 0, '1646202570', '1646202570'),
(1129, 2, '64.5', 0, '1646202570', '1646202570'),
(1130, 2, '64', 0, '1646202570', '1646202570'),
(1131, 2, '63', 0, '1646202570', '1646202570'),
(1132, 2, '62', 0, '1646202570', '1646202570'),
(1133, 2, '61', 0, '1646202570', '1646202570'),
(1134, 2, '60', 0, '1646202570', '1646202570'),
(1135, 2, '59.5', 0, '1646202570', '1646202570'),
(1136, 2, '59', 0, '1646202570', '1646202570'),
(1137, 2, '58', 0, '1646202570', '1646202570'),
(1138, 2, '57', 0, '1646202570', '1646202570'),
(1139, 2, '56', 0, '1646202570', '1646202570'),
(1140, 2, '55', 0, '1646202570', '1646202570'),
(1141, 2, '54', 0, '1646202570', '1646202570'),
(1142, 2, '53', 0, '1646202570', '1646202570'),
(1143, 2, '52', 0, '1646202570', '1646202570'),
(1144, 2, '51', 0, '1646202570', '1646202570'),
(1145, 2, '50', 0, '1646202570', '1646202570'),
(1146, 2, '49', 0, '1646202570', '1646202570'),
(1147, 2, '48', 0, '1646202570', '1646202570'),
(1148, 2, '47', 0, '1646202570', '1646202570'),
(1149, 2, '46', 0, '1646202570', '1646202570'),
(1150, 2, '45', 0, '1646202570', '1646202570'),
(1151, 2, '44', 0, '1646202570', '1646202570'),
(1152, 2, '43', 0, '1646202570', '1646202570'),
(1153, 2, '42', 0, '1646202570', '1646202570'),
(1154, 2, '41', 0, '1646202570', '1646202570'),
(1155, 2, '40', 0, '1646202570', '1646202570'),
(1156, 2, '39', 0, '1646202570', '1646202570'),
(1157, 2, '38', 0, '1646202570', '1646202570'),
(1158, 2, '37', 0, '1646202570', '1646202570'),
(1159, 2, '36', 0, '1646202570', '1646202570'),
(1160, 2, '35', 0, '1646202570', '1646202570'),
(1161, 2, '34', 0, '1646202570', '1646202570'),
(1162, 2, '33', 0, '1646202570', '1646202570'),
(1163, 2, '32', 0, '1646202570', '1646202570'),
(1164, 2, '31', 0, '1646202570', '1646202570'),
(1165, 2, '30', 0, '1646202570', '1646202570'),
(1166, 2, '29', 0, '1646202570', '1646202570'),
(1167, 2, '28', 0, '1646202570', '1646202570'),
(1168, 2, '27', 0, '1646202570', '1646202570'),
(1169, 2, '26', 0, '1646202570', '1646202570'),
(1170, 2, '25', 0, '1646202570', '1646202570'),
(1171, 2, '24', 0, '1646202570', '1646202570'),
(1172, 2, '23', 0, '1646202570', '1646202570'),
(1173, 2, '22', 0, '1646202570', '1646202570'),
(1174, 2, '21', 0, '1646202570', '1646202570'),
(1175, 2, '20', 0, '1646202570', '1646202570'),
(1176, 2, '19', 0, '1646202570', '1646202570'),
(1177, 2, '18', 0, '1646202570', '1646202570'),
(1178, 2, '17', 0, '1646202570', '1646202570'),
(1179, 2, '16', 0, '1646202570', '1646202570'),
(1180, 2, '15', 0, '1646202570', '1646202570'),
(1181, 2, '14', 0, '1646202570', '1646202570'),
(1182, 2, '13', 0, '1646202570', '1646202570'),
(1183, 2, '12', 0, '1646202570', '1646202570'),
(1184, 2, '11', 0, '1646202570', '1646202570'),
(1185, 2, '10', 0, '1646202570', '1646202570'),
(1186, 2, '9', 0, '1646202570', '1646202570'),
(1187, 2, '8', 0, '1646202570', '1646202570'),
(1188, 2, '7', 0, '1646202570', '1646202570'),
(1189, 2, '6', 0, '1646202570', '1646202570'),
(1190, 2, '5', 0, '1646202570', '1646202570'),
(1191, 2, '4', 0, '1646202570', '1646202570'),
(1192, 2, '3', 0, '1646202570', '1646202570'),
(1193, 2, '2', 0, '1646202570', '1646202570'),
(1194, 2, '1', 0, '1646202570', '1646202570'),
(1195, 9, '54', 1, '1646202570', '1646202570'),
(1196, 9, '53', 0, '1646202570', '1646202570'),
(1197, 9, '52', 0, '1646202570', '1646202570'),
(1198, 9, '51', 0, '1646202570', '1646202570'),
(1199, 9, '50', 0, '1646202570', '1646202570'),
(1200, 9, '49', 0, '1646202570', '1646202570'),
(1201, 9, '48', 0, '1646202570', '1646202570'),
(1202, 9, '47', 0, '1646202570', '1646202570'),
(1203, 9, '46', 0, '1646202570', '1646202570'),
(1204, 9, '45', 0, '1646202570', '1646202570'),
(1205, 9, '44', 0, '1646202570', '1646202570'),
(1206, 9, '43', 0, '1646202570', '1646202570'),
(1207, 9, '42', 0, '1646202570', '1646202570'),
(1208, 9, '41', 0, '1646202570', '1646202570'),
(1209, 9, '40', 0, '1646202570', '1646202570'),
(1210, 9, '39', 0, '1646202570', '1646202570'),
(1211, 9, '38', 0, '1646202570', '1646202570'),
(1212, 9, '37', 0, '1646202570', '1646202570'),
(1213, 9, '36', 0, '1646202570', '1646202570'),
(1214, 9, '35', 0, '1646202570', '1646202570'),
(1215, 9, '34', 0, '1646202570', '1646202570'),
(1216, 9, '33', 0, '1646202570', '1646202570'),
(1217, 9, '32', 0, '1646202570', '1646202570'),
(1218, 9, '31', 0, '1646202570', '1646202570'),
(1219, 9, '30', 0, '1646202570', '1646202570'),
(1220, 9, '29', 0, '1646202570', '1646202570'),
(1221, 9, '28', 0, '1646202570', '1646202570'),
(1222, 9, '27', 0, '1646202570', '1646202570'),
(1223, 9, '26', 0, '1646202570', '1646202570'),
(1224, 9, '25', 0, '1646202570', '1646202570'),
(1225, 9, '24', 0, '1646202570', '1646202570'),
(1226, 9, '23', 0, '1646202570', '1646202570'),
(1227, 9, '22', 0, '1646202570', '1646202570'),
(1228, 9, '21', 0, '1646202570', '1646202570'),
(1229, 9, '20', 0, '1646202570', '1646202570'),
(1230, 9, '19', 0, '1646202570', '1646202570'),
(1231, 9, '18', 0, '1646202570', '1646202570'),
(1232, 9, '17', 0, '1646202570', '1646202570'),
(1233, 9, '16', 0, '1646202570', '1646202570'),
(1234, 9, '15', 0, '1646202570', '1646202570'),
(1235, 9, '14', 0, '1646202570', '1646202570'),
(1236, 9, '13', 0, '1646202570', '1646202570'),
(1237, 9, '12', 0, '1646202570', '1646202570'),
(1238, 9, '11', 0, '1646202570', '1646202570'),
(1239, 9, '10', 0, '1646202570', '1646202570'),
(1240, 9, '9', 0, '1646202570', '1646202570'),
(1241, 9, '8', 0, '1646202570', '1646202570'),
(1242, 9, '7', 0, '1646202570', '1646202570'),
(1243, 9, '6', 0, '1646202570', '1646202570'),
(1244, 9, '5', 0, '1646202570', '1646202570'),
(1245, 9, '4', 0, '1646202570', '1646202570'),
(1246, 9, '3', 0, '1646202570', '1646202570'),
(1247, 9, '2', 0, '1646202570', '1646202570'),
(1248, 9, '1', 0, '1646202570', '1646202570'),
(1249, 9, '0', 0, '1646202570', '1646202570'),
(1250, 10, '124', 0, '1646202570', '1646202570'),
(1251, 10, '123', 1, '1646202570', '1646202570'),
(1252, 10, '122', 0, '1646202570', '1646202570'),
(1253, 10, '121', 0, '1646202570', '1646202570'),
(1254, 10, '120', 0, '1646202570', '1646202570'),
(1255, 10, '119.5', 0, '1646202570', '1646202570'),
(1256, 10, '119', 0, '1646202570', '1646202570'),
(1257, 10, '118', 0, '1646202570', '1646202570'),
(1258, 10, '117.5', 0, '1646202570', '1646202570'),
(1259, 10, '117', 0, '1646202570', '1646202570'),
(1260, 10, '116', 0, '1646202570', '1646202570'),
(1261, 10, '115', 0, '1646202570', '1646202570'),
(1262, 10, '114', 0, '1646202570', '1646202570'),
(1263, 10, '113', 0, '1646202570', '1646202570'),
(1264, 10, '112', 0, '1646202570', '1646202570'),
(1265, 10, '111', 0, '1646202570', '1646202570'),
(1266, 10, '110', 0, '1646202570', '1646202570'),
(1267, 10, '108', 0, '1646202570', '1646202570'),
(1268, 10, '109', 0, '1646202570', '1646202570'),
(1269, 10, '107', 0, '1646202570', '1646202570'),
(1270, 10, '106', 0, '1646202570', '1646202570'),
(1271, 10, '105', 0, '1646202570', '1646202570'),
(1272, 10, '104', 0, '1646202570', '1646202570'),
(1273, 10, '103', 0, '1646202570', '1646202570'),
(1274, 10, '102', 0, '1646202570', '1646202570'),
(1275, 10, '101', 0, '1646202570', '1646202570'),
(1276, 10, '100', 0, '1646202570', '1646202570'),
(1277, 10, '99', 0, '1646202570', '1646202570'),
(1278, 10, '98', 0, '1646202570', '1646202570'),
(1279, 10, '97', 0, '1646202570', '1646202570'),
(1280, 10, '96', 0, '1646202570', '1646202570'),
(1281, 10, '95', 0, '1646202570', '1646202570'),
(1282, 10, '94', 0, '1646202570', '1646202570'),
(1283, 10, '93', 0, '1646202570', '1646202570'),
(1284, 10, '92', 0, '1646202570', '1646202570'),
(1285, 10, '91', 0, '1646202570', '1646202570'),
(1286, 10, '90', 0, '1646202570', '1646202570'),
(1287, 10, '89', 0, '1646202570', '1646202570'),
(1288, 10, '88', 0, '1646202570', '1646202570'),
(1289, 10, '87', 0, '1646202570', '1646202570'),
(1290, 10, '86', 0, '1646202570', '1646202570'),
(1291, 10, '85', 0, '1646202570', '1646202570'),
(1292, 10, '84', 0, '1646202570', '1646202570'),
(1293, 10, '83', 0, '1646202570', '1646202570'),
(1294, 10, '82', 0, '1646202570', '1646202570'),
(1295, 10, '81', 0, '1646202570', '1646202570'),
(1296, 10, '80', 0, '1646202570', '1646202570'),
(1297, 10, '79', 0, '1646202570', '1646202570'),
(1298, 10, '78', 0, '1646202570', '1646202570'),
(1299, 10, '77', 0, '1646202570', '1646202570'),
(1300, 10, '76', 0, '1646202570', '1646202570'),
(1301, 10, '75', 0, '1646202570', '1646202570'),
(1302, 10, '74', 0, '1646202570', '1646202570'),
(1303, 10, '73', 0, '1646202570', '1646202570'),
(1304, 10, '72', 0, '1646202570', '1646202570'),
(1305, 10, '71', 0, '1646202570', '1646202570'),
(1306, 10, '70', 0, '1646202570', '1646202570'),
(1307, 10, '69', 0, '1646202570', '1646202570'),
(1308, 10, '68', 0, '1646202570', '1646202570'),
(1309, 10, '67', 0, '1646202570', '1646202570'),
(1310, 10, '66', 0, '1646202570', '1646202570'),
(1311, 10, '65', 0, '1646202570', '1646202570'),
(1312, 10, '64', 0, '1646202570', '1646202570'),
(1313, 10, '63', 0, '1646202570', '1646202570'),
(1314, 10, '62', 0, '1646202570', '1646202570'),
(1315, 10, '61', 0, '1646202570', '1646202570'),
(1316, 10, '60', 0, '1646202570', '1646202570'),
(1317, 10, '59', 0, '1646202570', '1646202570'),
(1318, 10, '58', 0, '1646202570', '1646202570'),
(1319, 10, '57', 0, '1646202570', '1646202570'),
(1320, 10, '56', 0, '1646202570', '1646202570'),
(1321, 10, '55', 0, '1646202570', '1646202570'),
(1322, 10, '54', 0, '1646202570', '1646202570'),
(1323, 10, '53', 0, '1646202570', '1646202570'),
(1324, 10, '52', 0, '1646202570', '1646202570'),
(1325, 10, '51', 0, '1646202570', '1646202570'),
(1326, 10, '50', 0, '1646202570', '1646202570'),
(1327, 10, '49', 0, '1646202570', '1646202570'),
(1328, 10, '48', 0, '1646202570', '1646202570'),
(1329, 10, '47', 0, '1646202570', '1646202570'),
(1330, 10, '46', 0, '1646202570', '1646202570'),
(1331, 10, '45', 0, '1646202570', '1646202570'),
(1332, 10, '44', 0, '1646202570', '1646202570'),
(1333, 10, '43', 0, '1646202570', '1646202570'),
(1334, 10, '42', 0, '1646202570', '1646202570'),
(1335, 10, '41', 0, '1646202570', '1646202570'),
(1336, 10, '40', 0, '1646202570', '1646202570'),
(1337, 10, '39', 0, '1646202570', '1646202570'),
(1338, 10, '38.5', 0, '1646202570', '1646202570'),
(1339, 10, '38', 0, '1646202570', '1646202570'),
(1340, 10, '37', 0, '1646202570', '1646202570'),
(1341, 10, '36', 0, '1646202570', '1646202570'),
(1342, 10, '35', 0, '1646202570', '1646202570'),
(1343, 10, '34', 0, '1646202570', '1646202570'),
(1344, 10, '33', 0, '1646202570', '1646202570'),
(1345, 10, '32', 0, '1646202570', '1646202570'),
(1346, 10, '31', 0, '1646202570', '1646202570'),
(1347, 10, '30.5', 0, '1646202570', '1646202570'),
(1348, 10, '30', 0, '1646202570', '1646202570'),
(1349, 10, '29', 0, '1646202570', '1646202570'),
(1350, 10, '28', 0, '1646202570', '1646202570'),
(1351, 10, '27', 0, '1646202570', '1646202570'),
(1352, 10, '26', 0, '1646202570', '1646202570'),
(1353, 10, '25.8', 0, '1646202570', '1646202570'),
(1354, 10, '25.5', 0, '1646202570', '1646202570'),
(1355, 10, '25', 0, '1646202570', '1646202570'),
(1356, 10, '24', 0, '1646202570', '1646202570'),
(1357, 10, '23', 0, '1646202570', '1646202570'),
(1358, 10, '22', 0, '1646202570', '1646202570'),
(1359, 10, '21', 0, '1646202570', '1646202570'),
(1360, 10, '20', 0, '1646202570', '1646202570'),
(1361, 10, '19', 0, '1646202570', '1646202570'),
(1362, 10, '18', 0, '1646202570', '1646202570'),
(1363, 10, '17', 0, '1646202570', '1646202570'),
(1364, 10, '16', 0, '1646202570', '1646202570'),
(1365, 10, '15', 0, '1646202570', '1646202570'),
(1366, 10, '14', 0, '1646202570', '1646202570'),
(1367, 10, '13', 0, '1646202570', '1646202570'),
(1368, 10, '12', 0, '1646202570', '1646202570'),
(1369, 10, '11', 0, '1646202570', '1646202570'),
(1370, 10, '10', 0, '1646202570', '1646202570'),
(1371, 10, '9', 0, '1646202570', '1646202570'),
(1372, 10, '8', 0, '1646202570', '1646202570'),
(1373, 10, '7', 0, '1646202570', '1646202570'),
(1374, 10, '6', 0, '1646202570', '1646202570'),
(1375, 10, '5', 0, '1646202570', '1646202570'),
(1376, 10, '4', 0, '1646202570', '1646202570'),
(1377, 10, '3', 0, '1646202570', '1646202570'),
(1378, 10, '2', 0, '1646202570', '1646202570'),
(1379, 10, '1', 0, '1646202570', '1646202570');

-- --------------------------------------------------------

--
-- Table structure for table `comment_manga`
--

CREATE TABLE `comment_manga` (
  `id` int(11) NOT NULL,
  `parent_comment_id` int(11) NOT NULL,
  `id_manga` int(11) NOT NULL,
  `id_user` int(11) NOT NULL,
  `comment` text COLLATE utf8mb4_unicode_ci NOT NULL,
  `create_time` varchar(100) COLLATE utf8mb4_unicode_ci NOT NULL,
  `status` int(5) NOT NULL
) ENGINE=InnoDB DEFAULT CHARSET=utf8mb4 COLLATE=utf8mb4_unicode_ci;

--
-- Dumping data for table `comment_manga`
--

INSERT INTO `comment_manga` (`id`, `parent_comment_id`, `id_manga`, `id_user`, `comment`, `create_time`, `status`) VALUES
(1, 0, 6, 1, 'test', '1646202570', 1),
(2, 0, 6, 1, 'Test bnh lun', '1646202570', 1),
(3, 0, 6, 1, 'test bnh lun ln 2', '1646202570', 1),
(4, 0, 3, 1, 'test view 2', '1646202570', 1),
(5, 2, 6, 1, 'h h', '1646202570', 1),
(6, 0, 5, 1, 'phc', '1646202570', 1),
(7, 3, 6, 1, 'haizz', '1646202570', 1),
(8, 7, 6, 1, 'D no y', '1646202570', 1),
(9, 0, 6, 3, 'test bnh lun trn site', '1646202570', 1),
(10, 3, 6, 3, 'Test tr li bnh lun trn site', '1646202570', 1),
(11, 0, 10, 3, 'Bnh lun i anh em', '1646202570', 1),
(12, 0, 7, 1, '', '1646202570', 1),
(13, 0, 7, 1, 'a', '1646202570', 1),
(14, 0, 6, 1, 'Xin cho ae', '1646202570', 1),
(15, 0, 6, 1, 'c', '1646207249', 1),
(16, 0, 6, 1, 'xin cho', '1646207262', 1),
(17, 14, 6, 1, 'oke', '1646207274', 1);

-- --------------------------------------------------------

--
-- Table structure for table `image_chapter`
--

CREATE TABLE `image_chapter` (
  `id` int(11) NOT NULL,
  `id_chapter` int(11) NOT NULL,
  `image` text COLLATE utf8mb4_unicode_ci NOT NULL
) ENGINE=InnoDB DEFAULT CHARSET=utf8mb4 COLLATE=utf8mb4_unicode_ci;

-- --------------------------------------------------------

--
-- Table structure for table `manga`
--

CREATE TABLE `manga` (
  `id` int(11) NOT NULL,
  `name_manga` text COLLATE utf8mb4_unicode_ci NOT NULL,
  `anothor_name` varchar(200) COLLATE utf8mb4_unicode_ci NOT NULL,
  `description` text COLLATE utf8mb4_unicode_ci NOT NULL,
  `alias` varchar(100) COLLATE utf8mb4_unicode_ci NOT NULL,
  `image` text COLLATE utf8mb4_unicode_ci NOT NULL,
  `author` varchar(100) COLLATE utf8mb4_unicode_ci NOT NULL,
  `view` int(11) NOT NULL,
  `category` varchar(100) COLLATE utf8mb4_unicode_ci NOT NULL,
  `team_translate` varchar(100) COLLATE utf8mb4_unicode_ci NOT NULL,
  `release_date` varchar(50) COLLATE utf8mb4_unicode_ci NOT NULL,
  `favorite` int(11) NOT NULL,
  `status` int(11) NOT NULL
) ENGINE=InnoDB DEFAULT CHARSET=utf8mb4 COLLATE=utf8mb4_unicode_ci;

--
-- Dumping data for table `manga`
--

INSERT INTO `manga` (`id`, `name_manga`, `anothor_name`, `description`, `alias`, `image`, `author`, `view`, `category`, `team_translate`, `release_date`, `favorite`, `status`) VALUES
(1, 'Tu tin gi i chin siu nng lc', 'Tu tin gi i chin siu nng lc', '', 'tu-tien-gia-dai-chien-sieu-nang-luc', 'images/tu-tien-gia-dai-chien-sieu-nang-luc.jpg', 'Manhua', 1, 'Tu tin', 'Phc Hp', 'Th 6', 155, 1),
(2, 'Ti  chuyn sinh thnh Slime', 'Do quanh lnh a Demon', 'Mt manga khc chuyn th t light novel ang hot  nht. Mt anh chng b tn cp m cht khi ang gp v cha ci ca ng nghip. Khi ang thoi thp trc khi cht, ngi y mu, anh ta nghe c mt ting ni k l. Ging ni y chuyn th s tic nui ca anh chng v vn cn tn trc khi i v ban cho anh ta chiu thc c bit [tin nhn v i]. Liu y c phi l tr a?', 'toi-da-chuyen-sinh-thanh-slime', 'images/toi-da-chuyen-sinh-thanh-slime.jpg', 'Manga', 14, 'Chuyn sinh', 'Phc Hp', 'Th 3', 265, 1),
(3, 'Solo Leveling', '', '', 'toi-thang-cap-mot-minh', 'images/toi-thang-cap-mot-minh.jpg', 'Phc Hp', 0, 'Manhua', 'Chu Huyn', 'Th 5', 16645, 0),
(4, 'Anh hng mnh nht tr li', 'Anh hng mnh nht tr li', '', 'anh-hung-manh-nhat-tro-lai', 'images/anh-hung-manh-nhat-tro-lai.jpg', '', 0, 'Manga', 'Phc Hp', 'Th 4', 11478, 1),
(5, 'Anh hng mnh nht ! Ta khng lm lu ri', 'K sng st vua kim', 'Mt thanh nin v tnh b du hnh ti mt th gii o, ni anh c h tr bi mt h thng siu ng. Anh tr thnh ngi c chn, ch c iu h thng  li li mt. Anh ta s phi chin u r', 'anh-hung-manh-nhat-ta-khong-lam-lau-roi', 'images/anh-hung-manh-nhat-ta-khong-lam-lau-roi.jpg', 'Phc', 0, 'Manhua', 'Phc Hp', 'Th 7', 5689, 1),
(6, 'S tr li ca php s v i sau 4000 nm', 'Php s v i tr li sau 4000 nm', 'i ph thy Lucas Traumen - ngi mnh nht th gii. Trong mt ln i tiu dit qui vt  khin thn ni gin v phm ti khinh thng Cha, anh ta b phong n trong a ngc sut 4000 nm. n khi tnh li th anh ta  nhp vo thn xc ca Frey Blake - thanh nin yu nht th gii va t st, v bt u hnh trnh khi phc li sc mnh  dit thn.', 'su-tro-lai-cua-phap-su-vi-dai-sau-4000-nam', 'images/su-tro-lai-cua-phap-su-vi-dai-sau-4000-nam.jpg', 'Huyn', 1, 'Manhua', 'Phc Hp', 'Th 6', 78954, 1),
(7, 'Tin kim bt bi', 'Tin kim bt bi', '', 'tien-kiem-bat-bai', 'images/tien-kiem-bat-bai.jpg', '', 0, '', '', '', 0, 1),
(9, 'Bn hc ca ti l lnh nh thu', 'Bn hc ti l lnh nh thu', 'Yu Ijin - ngi duy nht sng st sau mt v tai nn my bay thm khc khi anh cn nh. Sau qung thi gian 10 nm tr thnh lnh nh thu  hon thnh giao ko vi ngi  cu mnh, cu  tr v ', 'ban-hoc-cua-toi-la-linh-danh-thue', 'images/ban-hoc-cua-toi-la-linh-danh-thue.jpg', '', 1, 'Hnh ng', 'Mega Team', 'Th 3', 1457, 1),
(10, 'nh sng ni cui con ng', 'The Beginning After The End', 'King Grey l ngi s hu tt c trong mt th gii b V thut chi phi. Nhng i i vi mt sc mnh to ln li l s c c khng hi kt. Th nn, mc d v bn ngoi l mt quc vng mnh m, n', 'anh-sang-cuoi-con-duong', 'images/the-beginning-after-the-end.webp', 'TurtleMe', 1, 'Hnh dng', '', 'Th 6', 1450, 1);

-- --------------------------------------------------------

--
-- Table structure for table `tbl_meta`
--

CREATE TABLE `tbl_meta` (
  `id` int(11) NOT NULL,
  `title` varchar(100) COLLATE utf8mb4_unicode_ci NOT NULL,
  `metadesc` text COLLATE utf8mb4_unicode_ci NOT NULL,
  `meta_keyword` varchar(100) COLLATE utf8mb4_unicode_ci NOT NULL
) ENGINE=InnoDB DEFAULT CHARSET=utf8mb4 COLLATE=utf8mb4_unicode_ci;

--
-- Dumping data for table `tbl_meta`
--

INSERT INTO `tbl_meta` (`id`, `title`, `metadesc`, `meta_keyword`) VALUES
(1, 'Overlord Manga', 'Overlord Manga - Kho truyn tranh online min ph', 'Overlord.manga'),
(2, 'Hot', 'Nhng b truyn Hot nht', 'Hot');

-- --------------------------------------------------------

--
-- Table structure for table `user`
--

CREATE TABLE `user` (
  `id` int(11) NOT NULL,
  `username` varchar(50) COLLATE utf8mb4_unicode_ci NOT NULL,
  `password` varchar(50) COLLATE utf8mb4_unicode_ci NOT NULL,
  `email` varchar(50) COLLATE utf8mb4_unicode_ci NOT NULL,
  `image` text COLLATE utf8mb4_unicode_ci NOT NULL,
  `phone` varchar(15) COLLATE utf8mb4_unicode_ci NOT NULL
) ENGINE=InnoDB DEFAULT CHARSET=utf8mb4 COLLATE=utf8mb4_unicode_ci;

--
-- Dumping data for table `user`
--

INSERT INTO `user` (`id`, `username`, `password`, `email`, `image`, `phone`) VALUES
(1, 'Phc Hp', 'c20ad4d76fe97759aa27a0c99bff6710', 'buiphuc044@gmail.com', 'image/avatar/avatar.jpg', '0912870820'),
(2, 'Chu Huyn', 'c20ad4d76fe97759aa27a0c99bff6710', 'chuhuyen44m@gmail.com', 'image/avatar/no-user.png', ''),
(3, 'Bi Vn Phc', '202cb962ac59075b964b07152d234b70', 'buiphuc160@gmail.com', 'image/avatar/no-user.png', 'null'),
(4, 'Test', 'c20ad4d76fe97759aa27a0c99bff6710', 'test@gmail.com', 'image/avatar/no-user.png', '');

--
-- Indexes for dumped tables
--

--
-- Indexes for table `chapter`
--
ALTER TABLE `chapter`
  ADD PRIMARY KEY (`id`);

--
-- Indexes for table `comment_manga`
--
ALTER TABLE `comment_manga`
  ADD PRIMARY KEY (`id`);

--
-- Indexes for table `image_chapter`
--
ALTER TABLE `image_chapter`
  ADD PRIMARY KEY (`id`);

--
-- Indexes for table `manga`
--
ALTER TABLE `manga`
  ADD PRIMARY KEY (`id`);

--
-- Indexes for table `tbl_meta`
--
ALTER TABLE `tbl_meta`
  ADD PRIMARY KEY (`id`);

--
-- Indexes for table `user`
--
ALTER TABLE `user`
  ADD PRIMARY KEY (`id`);

--
-- AUTO_INCREMENT for dumped tables
--

--
-- AUTO_INCREMENT for table `chapter`
--
ALTER TABLE `chapter`
  MODIFY `id` int(11) NOT NULL AUTO_INCREMENT, AUTO_INCREMENT=1380;

--
-- AUTO_INCREMENT for table `comment_manga`
--
ALTER TABLE `comment_manga`
  MODIFY `id` int(11) NOT NULL AUTO_INCREMENT, AUTO_INCREMENT=18;

--
-- AUTO_INCREMENT for table `image_chapter`
--
ALTER TABLE `image_chapter`
  MODIFY `id` int(11) NOT NULL AUTO_INCREMENT;

--
-- AUTO_INCREMENT for table `manga`
--
ALTER TABLE `manga`
  MODIFY `id` int(11) NOT NULL AUTO_INCREMENT, AUTO_INCREMENT=11;

--
-- AUTO_INCREMENT for table `tbl_meta`
--
ALTER TABLE `tbl_meta`
  MODIFY `id` int(11) NOT NULL AUTO_INCREMENT, AUTO_INCREMENT=3;

--
-- AUTO_INCREMENT for table `user`
--
ALTER TABLE `user`
  MODIFY `id` int(11) NOT NULL AUTO_INCREMENT, AUTO_INCREMENT=5;
COMMIT;

/*!40101 SET CHARACTER_SET_CLIENT=@OLD_CHARACTER_SET_CLIENT */;
/*!40101 SET CHARACTER_SET_RESULTS=@OLD_CHARACTER_SET_RESULTS */;
/*!40101 SET COLLATION_CONNECTION=@OLD_COLLATION_CONNECTION */;
